{
  "current_time": [
    10,
    20,
    30,
    40,
    50
  ],
  "reward": [
    0.8858465193504821,
    0.0,
    1.0,
    1.0,
    0.4792358061603387
  ],
  "current_sat": [
    121,
    171,
    120,
    113,
    146
  ],
  "total_distance": [
    3781.152560623389,
    7427.202269460597,
    11263.466205074048,
    14907.151710118982,
    18475.872974060007
  ]
}