{
  "current_time": [
    10,
    20,
    30,
    40,
    50,
    60,
    70,
    80,
    90,
    100,
    110,
    120,
    130,
    140,
    150,
    160,
    170,
    180,
    190,
    200,
    210,
    220,
    230,
    240,
    250,
    260,
    270
  ],
  "reward": [
    1.0,
    1.0,
    -1,
    -1,
    -1,
    -1,
    0.0,
    0.0,
    0.4035168140365121,
    0.0,
    0.580639055532306,
    1.0,
    0.2795768671720853,
    0.7458798412583512,
    0.9347391926385965,
    0.8433123109592389,
    1.0,
    0.12793669331780122,
    0.0,
    0.8433123109592389,
    0.7133958647983982,
    1.0,
    1.0,
    0.12793669331780122,
    0.41906284833981366,
    1.0,
    0.11304049252115206
  ],
  "current_sat": [
    125,
    125,
    125,
    125,
    125,
    125,
    108,
    164,
    152,
    106,
    154,
    100,
    129,
    167,
    171,
    121,
    113,
    120,
    171,
    121,
    118,
    138,
    113,
    120,
    144,
    149,
    146
  ],
  "total_distance": [
    3637.9107543893406,
    3637.9107543893406,
    3637.9107543893406,
    3637.9107543893406,
    3637.9107543893406,
    3637.9107543893406,
    6550.165911006273,
    10191.242303683875,
    13936.97541199789,
    17579.724207344534,
    21391.283427843864,
    25246.450508749644,
    28879.98995569017,
    31682.464932819934,
    35309.699621988766,
    38955.6338183183,
    42831.797441929564,
    46475.40554858912,
    50301.13750128511,
    53947.07169761465,
    57589.34557641544,
    60619.13223134806,
    64260.824053264165,
    67904.43215992372,
    71614.75550296169,
    75253.75922541064,
    78898.00968683303
  ]
}