{
  "current_time": [
    10,
    20,
    30,
    40,
    50,
    60,
    70,
    80,
    90,
    100,
    110,
    120,
    130,
    140,
    150,
    160,
    170,
    180,
    190,
    200,
    210,
    220,
    230,
    240,
    250,
    260,
    270,
    280,
    290,
    300,
    310,
    320,
    330,
    340,
    350,
    360,
    370,
    380,
    390,
    400,
    410,
    420,
    430,
    440,
    450,
    460,
    470,
    480,
    490,
    500,
    510,
    520,
    530,
    540,
    550,
    560,
    570,
    580,
    590,
    600,
    610,
    620,
    630,
    640,
    650,
    660,
    670,
    680,
    690,
    700,
    710,
    720,
    730,
    740,
    750,
    760,
    770,
    780,
    790,
    800,
    810,
    820,
    830,
    840,
    850,
    860,
    870,
    880,
    890,
    900,
    910,
    920,
    930,
    940,
    950,
    960,
    970,
    980,
    990,
    1000,
    1010,
    1020,
    1030,
    1040,
    1050,
    1060,
    1070,
    1080,
    1090,
    1100,
    1110,
    1120,
    1130,
    1140,
    1150,
    1160,
    1170,
    1180,
    1190,
    1200,
    1210,
    1220,
    1230,
    1240,
    1250,
    1260,
    1270,
    1280,
    1290,
    1300,
    1310,
    1320,
    1330,
    1340,
    1350,
    1360,
    1370,
    1380,
    1390,
    1400,
    1410,
    1420,
    1430,
    1440,
    1450,
    1460,
    1470,
    1480,
    1490,
    1500,
    1510,
    1520,
    1530,
    1540,
    1550,
    1560,
    1570,
    1580,
    1590,
    1600,
    1610,
    1620,
    1630,
    1640,
    1650,
    1660,
    1670,
    1680
  ],
  "reward": [
    0.6670847597406955,
    1.0,
    1.0,
    0.13076749460182413,
    0.13076749460182413,
    0.0,
    0.7287938259507868,
    0.2954675309442988,
    1.0,
    1.0,
    0.46429254789246066,
    0.0,
    0.0,
    0.526382246599316,
    0.49503901475506773,
    0.49503901475506773,
    0.0,
    0.0,
    0.3707674759431254,
    1.0,
    0.526382246599316,
    0.0,
    0.7557457807163461,
    0.7557457807163461,
    -1,
    0.2262849344153397,
    0.12026328949542553,
    0.0,
    0.0,
    1.0,
    1.0,
    0.0,
    0.606797687160274,
    0.0,
    0.8852662338055647,
    1.0,
    0.12026328949542553,
    0.9740553262950915,
    0.0,
    0.0,
    0.0,
    0.44397875523468644,
    1.0,
    1.0,
    0.6670847597406955,
    1.0,
    1.0,
    0.4236940328299085,
    1.0,
    0.0,
    0.05344795975160166,
    0.0,
    0.0,
    -1,
    0.0,
    0.0,
    -1,
    0.564386399627722,
    0.526382246599316,
    0.49503901475506773,
    0.49503901475506773,
    -1,
    1.0,
    1.0,
    -1,
    1.0,
    1.0,
    0.9366603595009431,
    0.0,
    0.0,
    0.3752571393471763,
    0.449819944249645,
    0.449819944249645,
    -1,
    -1,
    1.0,
    0.6938831226125399,
    0.5408599134339819,
    1.0,
    0.11338698985015616,
    0.11338698985015616,
    -1,
    -1,
    1.0,
    0.026783936890123372,
    0.0,
    0.0,
    0.0,
    0.0,
    0.0,
    0.17279711248826202,
    0.0,
    0.0,
    1.0,
    0.9740553262950915,
    0.0,
    0.8972557839692612,
    0.3565294451233829,
    0.0,
    0.5865537032364758,
    1.0,
    0.4401790340620356,
    0.5607201187003759,
    1.0,
    1.0,
    0.0,
    0.17279711248826202,
    0.0,
    0.268714805143088,
    0.0,
    1.0,
    1.0,
    0.9549199785333703,
    0.0,
    1.0,
    0.6662787074274459,
    0.6662787074274459,
    1.0,
    1.0,
    1.0,
    -1,
    -1,
    0.6938831226125399,
    0.0,
    0.526382246599316,
    0.49503901475506773,
    0.49503901475506773,
    1.0,
    1.0,
    0.9366603595009431,
    0.0,
    0.412314307858371,
    1.0,
    0.33997640717309285,
    0.0,
    0.0,
    0.0,
    0.564386399627722,
    0.526382246599316,
    1.0,
    0.412314307858371,
    0.0,
    0.0,
    0.0,
    0.5793723115446197,
    0.4981835574267194,
    0.4981835574267194,
    -1,
    0.0,
    0.0,
    0.8852662338055647,
    1.0,
    1.0,
    1.0,
    1.0,
    0.27787025383750374,
    0.3752571393471763,
    0.0,
    0.6662787074274459,
    0.6662787074274459,
    -1,
    -1,
    1.0,
    1.0,
    1.0,
    1.0,
    0.9455569081531523,
    0.021688604477606288
  ],
  "current_sat": [
    149,
    112,
    159,
    163,
    163,
    104,
    112,
    102,
    160,
    119,
    168,
    134,
    143,
    140,
    148,
    148,
    109,
    106,
    152,
    143,
    140,
    106,
    109,
    109,
    109,
    166,
    129,
    100,
    133,
    125,
    118,
    121,
    171,
    100,
    154,
    166,
    129,
    167,
    171,
    100,
    133,
    121,
    113,
    146,
    149,
    112,
    159,
    160,
    119,
    139,
    117,
    131,
    131,
    131,
    145,
    145,
    145,
    143,
    140,
    148,
    148,
    148,
    137,
    137,
    137,
    123,
    123,
    180,
    141,
    140,
    143,
    145,
    145,
    145,
    145,
    131,
    134,
    141,
    180,
    123,
    123,
    123,
    123,
    128,
    163,
    104,
    104,
    153,
    153,
    151,
    167,
    171,
    100,
    129,
    167,
    171,
    120,
    113,
    121,
    118,
    138,
    113,
    120,
    144,
    153,
    151,
    167,
    171,
    121,
    133,
    125,
    125,
    108,
    164,
    152,
    147,
    147,
    145,
    131,
    131,
    131,
    131,
    134,
    143,
    140,
    148,
    148,
    137,
    123,
    180,
    141,
    134,
    168,
    117,
    131,
    145,
    145,
    143,
    140,
    141,
    134,
    143,
    152,
    164,
    108,
    125,
    125,
    125,
    133,
    100,
    154,
    166,
    109,
    148,
    148,
    140,
    143,
    152,
    147,
    147,
    147,
    147,
    145,
    131,
    117,
    168,
    180,
    122
  ],