{
  "current_time": [
    10,
    20
  ],
  "reward": [
    1.0,
    0.8254779636799464
  ],
  "current_sat": [
    164,
    133
  ],
  "total_distance": [
    3745.7331083140143,
    7584.912792487892
  ]
}