{
  "current_time": [
    10,
    20,
    30,
    40,
    50,
    60,
    70,
    80,
    90,
    100,
    110,
    120,
    130,
    140,
    150,
    160,
    170,
    180,
    190,
    200,
    210,
    220,
    230,
    240,
    250,
    260,
    270,
    280,
    290,
    300,
    310,
    320,
    330,
    340,
    350,
    360,
    370,
    380,
    390,
    400,
    410,
    420,
    430,
    440,
    450,
    460,
    470,
    480,
    490,
    500,
    510,
    520,
    530,
    540,
    550,
    560,
    570,
    580,
    590,
    600,
    610,
    620,
    630,
    640,
    650,
    660,
    670,
    680,
    690,
    700,
    710,
    720,
    730,
    740
  ],
  "reward": [
    0.0,
    0.4643096702084819,
    0.38853416555876374,
    0.0,
    0.0,
    0.0,
    0.7425535944737525,
    1.0,
    1.0,
    -1,
    -1,
    0.36477768477176753,
    0.0,
    0.0,
    1.0,
    0.308816409046515,
    0.6117460969481344,
    0.4208334684153736,
    0.7011156427460574,
    0.5880444081608573,
    0.743593829020397,
    1.0,
    1.0,
    -1,
    1.0,
    0.0,
    0.0,
    0.0,
    0.4831710454045095,
    0.4831710454045095,
    -1,
    -1,
    0.0,
    0.3708642934043148,
    1.0,
    0.4742832798319474,
    1.0,
    1.0,
    1.0,
    0.0,
    0.0,
    0.5351937394619091,
    1.0,
    0.6182890031454319,
    1.0,
    0.8776009194450269,
    1.0,
    0.3962274433679177,
    0.3962274433679177,
    0.0,
    0.0,
    0.0,
    0.0,
    0.6182890031454319,
    0.0,
    0.0,
    1.0,
    0.42786699183761234,
    0.0,
    1.0,
    1.0,
    1.0,
    0.758246053950428,
    1.0,
    0.0,
    0.5670532682215182,
    1.0,
    1.0,
    1.0,
    0.7546440202899362,
    0.002985563673493785,
    0.002985563673493785,
    0.9468089835373901,
    0.016354643651932815
  ],
  "current_sat": [
    125,
    133,
    100,
    171,
    120,
    144,
    153,
    151,
    151,
    151,
    151,
    120,
    144,
    104,
    163,
    159,
    160,
    102,
    146,
    113,
    138,
    172,
    172,
    172,
    118,
    113,
    120,
    144,
    149,
    149,
    149,
    149,
    112,
    159,
    122,
    128,
    123,
    123,
    180,
    122,
    159,
    163,
    128,
    122,
    180,
    168,
    134,
    141,
    141,
    137,
    116,
    123,
    128,
    122,
    159,
    112,
    102,
    160,
    159,
    122,
    180,
    137,
    141,
    134,
    168,
    117,
    131,
    145,
    145,
    147,
    108,
    108,
    164,
    152
  ],
  "total_distance": [
    2998.9782723763037,
    6636.925121494924,
    10283.233434788928,
    13982.856934208608,
    17763.314704166325,
    21425.04391874685,
    25053.946213747866,
    27659.54496383808,
    27659.54496383808,
    27659.54496383808,
    27659.54496383808,
    31293.12857184008,
    34954.85778642061,
    37628.18034105692,
    40588.71015304077,
    44219.42278286383,
    47860.41077555213,
    51714.138119006544,
    53759.582486088875,
    57405.382279816105,
    61047.10995172332,
    63438.96797669896,
    63438.96797669896,
    63438.96797669896,
    67081.48418955896,
    70598.36593431354,
    74241.64642993992,
    77903.37564452045,
    81541.85151770861,
    81541.85151770861,
    81541.85151770861,
    81541.85151770861,
    84271.91626561512,
    88131.13653870564,
    91928.07840034724,
    95556.08491634253,
    98603.11919078743,
    98603.11919078743,
    102236.41850689144,
    106130.52640640362,
    109927.46826804521,
    113558.18089786828,
    116465.98004457622,
    120093.98656057152,
    123988.0944600837,
    127626.80851826313,
    131321.29440656566,
    134962.34433197684,
    134962.34433197684,
    138602.22834334883,
    142230.9079775065,
    144720.0311321516,
    147767.0654065965,
    151395.07192259177,
    155192.01378423336,
    159051.2340573239,
    162707.8488836304,
    166561.5762270848,
    170202.56421977308,
    173999.50608141467,
    177893.61398092684,
    181482.01712413048,
    185121.90113550244,
    188762.95106091362,
    192457.43694921615,
    196105.7158220912,
    198764.85845559777,
    201493.75083399622,
    201493.75083399622,
    203882.2712163442,
    206744.1496982277,
    206744.1496982277,
    210385.14991482787,
    214170.10222900633
  ]
}