{
  "current_time": [
    10,
    20,
    30,
    40,
    50,
    60,
    70,
    80,
    90,
    100,
    110,
    120,
    130,
    140,
    150,
    160,
    170,
    180,
    190,
    200,
    210,
    220,
    230,
    240,
    250,
    260,
    270,
    280,
    290,
    300,
    310,
    320,
    330,
    340,
    350,
    360,
    370,
    380,
    390,
    400,
    410,
    420,
    430
  ],
  "reward": [
    1.0,
    1.0,
    1.0,
    0.0,
    0.0,
    1.0,
    0.4206925718153025,
    0.25521814887555383,
    0.0,
    1.0,
    1.0,
    0.7983861696578644,
    0.0,
    0.0,
    0.0,
    -1,
    0.0,
    0.0,
    0.0,
    0.0,
    0.0,
    0.0,
    0.0,
    0.6574794777896914,
    1.0,
    1.0,
    1.0,
    1.0,
    1.0,
    1.0,
    1.0,
    -1,
    1.0,
    0.0,
    0.0,
    1.0,
    0.038854971095182766,
    0.2588097765046933,
    1.0,
    1.0,
    0.23752288535412802,
    1.0,
    0.07875996324005904
  ],
  "current_sat": [
    125,
    125,
    118,
    121,
    171,
    120,
    144,
    104,
    163,
    159,
    112,
    149,
    144,
    153,
    153,
    153,
    151,
    151,
    167,
    129,
    129,
    166,
    166,
    154,
    100,
    133,
    125,
    118,
    118,
    138,
    138,
    138,
    113,
    121,
    171,
    120,
    151,
    153,
    144,
    149,
    112,
    102,
    146
  ],
  "total_distance": [
    3637.921197954794,
    3637.921197954794,
    6536.819352732777,
    10179.063777130857,
    13824.88099346186,
    17639.763905351472,
    21338.4083067015,
    24195.478420027506,
    27089.880290241177,
    30720.127769481842,
    34550.41385918309,
    37461.871939942066,
    41100.745676070306,
    44730.09671682636,
    44730.09671682636,
    44730.09671682636,
    47404.994063145255,
    47404.994063145255,
    50229.91067271173,
    53009.55581588407,
    53009.55581588407,
    55927.03065486072,
    55927.03065486072,
    59555.81423224195,
    63401.56725501005,
    67048.094172513,
    70686.0153704678,
    73584.91352524578,
    73584.91352524578,
    76636.42539385437,
    76636.42539385437,
    76636.42539385437,
    80278.12775934082,
    84162.25385107918,
    87808.07106741019,
    91622.9539792998,
    95256.99772280372,
    97931.8950691226,
    101561.24610987866,
    105200.1198460069,
    108111.57792676587,
    111767.9711230325,
    114045.19855004392
  ]
}