{
  "current_time": [
    10,
    20,
    30,
    40,
    50,
    60,
    70,
    80,
    90,
    100,
    110,
    120,
    130,
    140,
    150,
    160,
    170,
    180,
    190,
    200,
    210,
    220,
    230,
    240,
    250,
    260,
    270
  ],
  "reward": [
    1.0,
    1.0,
    1.0,
    1.0,
    0.0,
    0.0,
    0.8266594467702864,
    1.0,
    0.10118113343451385,
    0.10118113343451385,
    0.0,
    0.5755956273278031,
    0.0,
    0.5180843811148448,
    0.8456659968218053,
    0.5755956273278031,
    0.7249080601089775,
    0.0,
    0.8574990251811577,
    0.5841250953945145,
    1.0,
    1.0,
    1.0,
    0.5313586473591853,
    0.5313586473591853,
    0.2670212339040462,
    0.12587864786614472
  ],
  "current_sat": [
    125,
    125,
    118,
    113,
    120,
    171,
    121,
    118,
    125,
    125,
    108,
    147,
    152,
    164,
    108,
    147,
    145,
    143,
    134,
    168,
    119,
    160,
    102,
    111,
    111,
    142,
    146
  ],
  "total_distance": [
    2998.9782723763037,
    2998.9782723763037,
    5964.68361885692,
    9481.565363611488,
    13124.84585923787,
    16905.303629195587,
    20550.761336994572,
    24192.90756201589,
    27158.612908496507,
    27158.612908496507,
    30157.591180872812,
    33019.469662756324,
    36662.21528805184,
    40447.16760223031,
    44088.16781883046,
    46950.04630071397,
    49338.56668306195,
    52979.618489228116,
    56718.14769587203,
    60412.63358417457,
    64212.54325719495,
    67955.41462335899,
    71809.1419668134,
    75437.51113784115,
    75437.51113784115,
    76609.51077698423,
    80253.55122330444
  ]
}