{
  "current_time": [
    10,
    20,
    30,
    40,
    50,
    60,
    70,
    80,
    90,
    100,
    110,
    120,
    130,
    140,
    150,
    160,
    170,
    180,
    190,
    200,
    210,
    220
  ],
  "reward": [
    0.895252591936182,
    0.0,
    0.19877010333963452,
    0.0,
    0.017037066544526303,
    0.017037066544526303,
    1.0,
    1.0,
    1.0,
    0.0,
    0.0,
    1.0,
    1.0,
    1.0,
    1.0,
    1.0,
    1.0,
    1.0,
    -1,
    -1,
    1.0,
    0.15115411367253964
  ],
  "current_sat": [
    121,
    171,
    100,
    154,
    166,
    166,
    129,
    129,
    100,
    154,
    106,
    152,
    147,
    108,
    125,
    118,
    138,
    138,
    138,
    138,
    113,
    146
  ],
  "total_distance": [
    3790.3529249619273,
    7436.287121291467,
    11178.695363819103,
    15033.862444724884,
    18662.791974677737,
    18662.791974677737,
    21602.08908407824,
    21602.08908407824,
    25235.628531018767,
    29090.795611924546,
    32902.35483242387,
    36545.10362777051,
    40187.78650069158,
    42959.02611141362,
    45871.28126803056,
    48747.666069530045,
    51777.452724462666,
    51777.452724462666,
    51777.452724462666,
    51777.452724462666,
    55419.14454637877,
    59003.818402585086
  ]
}