{
  "current_time": [
    10,
    20,
    30,
    40,
    50,
    60,
    70,
    80,
    90,
    100,
    110,
    120,
    130,
    140,
    150,
    160,
    170,
    180,
    190,
    200,
    210
  ],
  "reward": [
    0.0,
    0.12698255353930232,
    0.0,
    1.0,
    0.5475523134420666,
    0.8984626980824627,
    1.0,
    0.8327459109752242,
    0.0,
    0.0,
    0.0,
    0.0,
    0.9611156512860597,
    0.18477457003863884,
    0.18477457003863884,
    1.0,
    0.8984626980824627,
    0.9328836781932115,
    1.0,
    1.0,
    0.18171537962987008
  ],
  "current_sat": [
    149,
    144,
    153,
    151,
    120,
    113,
    138,
    142,
    111,
    102,
    112,
    104,
    153,
    144,
    144,
    120,
    113,
    121,
    133,
    164,
    152
  ],
  "total_distance": [
    3644.284333678593,
    7283.416679595288,
    10913.0710687621,
    13633.969003939139,
    17268.3170613782,
    20912.002566423133,
    24553.682838231292,
    26986.235777602673,
    28778.516893150852,
    32406.94573838213,
    36063.181911418375,
    39694.978111194476,
    42502.479253698926,
    46132.13364286574,
    46132.13364286574,
    49853.818702042874,
    53497.504207087804,
    57365.37421692069,
    61146.52677754408,
    64975.976044679104,
    68711.0833699286
  ]
}