{
  "current_time": [
    10,
    20,
    30,
    40,
    50,
    60,
    70,
    80,
    90,
    100,
    110,
    120,
    130,
    140,
    150,
    160,
    170,
    180,
    190,
    200,
    210,
    220,
    230,
    240,
    250,
    260,
    270,
    280,
    290,
    300,
    310,
    320,
    330,
    340,
    350,
    360,
    370,
    380,
    390,
    400,
    410,
    420,
    430,
    440,
    450,
    460,
    470,
    480,
    490,
    500,
    510,
    520,
    530,
    540,
    550,
    560,
    570,
    580,
    590,
    600,
    610
  ],
  "reward": [
    0.7984284984727481,
    0.9330324265233804,
    0.7237322515425404,
    0.04786080509661417,
    0.0,
    0.0,
    0.0,
    1.0,
    0.9668780494463182,
    1.0,
    0.6262607940659799,
    0.28821754085030016,
    0.0,
    0.0,
    1.0,
    0.12793669331780122,
    0.41906284833981366,
    0.0,
    0.2174075787959372,
    0.0,
    0.0,
    0.0,
    -1,
    1.0,
    0.7984284984727481,
    0.9330324265233804,
    0.18969703169991858,
    1.0,
    1.0,
    1.0,
    0.0,
    0.18969703169991858,
    0.0,
    0.0,
    0.0,
    0.15421156536934932,
    1.0,
    1.0,
    1.0,
    -1,
    1.0,
    0.0,
    0.7180099781190972,
    0.8116768163817705,
    0.8116768163817705,
    1.0,
    0.2491748060011859,
    0.9668780494463182,
    1.0,
    0.0674176700130531,
    0.0,
    0.0,
    0.1446550367549838,
    0.1446550367549838,
    1.0,
    0.6142705879542659,
    0.037576516478986965,
    0.26044170973691505,
    1.0,
    1.0,
    0.0564337699605329
  ],
  "current_sat": [
    159,
    160,
    158,
    139,
    117,
    117,
    168,
    119,
    160,
    102,
    111,
    142,
    138,
    138,
    113,
    120,
    144,
    153,
    104,
    163,
    128,
    128,
    128,
    122,
    159,
    160,
    119,
    139,
    139,
    158,
    160,
    119,
    168,
    180,
    141,
    137,
    123,
    128,
    128,
    128,
    122,
    180,
    168,
    117,
    117,
    139,
    119,
    160,
    102,
    112,
    104,
    104,
    153,
    153,
    144,
    120,
    151,
    153,
    144,
    149,
    146
  ],
  "total_distance": [
    3759.944170233579,
    7400.466868720517,
    11045.023347319195,
    13896.858805517299,
    16807.41883754511,
    16807.41883754511,
    20455.63620461506,
    24297.137390064854,
    28079.46150828155,
    31969.34574978281,
    35597.76474424617,
    37264.107276462186,
    39717.98404427455,
    39717.98404427455,
    43359.67586619065,
    47003.28397285021,
    50713.60731588818,
    54343.10964069456,
    57238.36180737802,
    60110.575061455995,
    62928.603382141046,
    62928.603382141046,
    62928.603382141046,
    66556.03036767784,
    70315.97453791142,
    73956.49723639835,
    77738.82135461505,
    81379.63079902642,
    81379.63079902642,
    84231.46625722453,
    87876.02273582321,
    91658.3468540399,
    95499.8480394897,
    99138.10968468,
    102939.06600882916,
    106578.34557890876,
    109479.73315514399,
    112440.81555012232,
    112440.81555012232,
    112440.81555012232,
    116068.24253565913,
    119928.76119575083,
    123567.02284094114,
    127215.24020801109,
    127215.24020801109,
    130125.80024003891,
    133766.6096844503,
    137548.933802667,
    141438.81804416823,
    145095.1336539919,
    148727.0793413115,
    148727.0793413115,
    151622.33150799497,
    151622.33150799497,
    155251.83383280135,
    158962.15717583933,
    162596.35334710503,
    165294.27654989483,
    168923.7788747012,
    172562.78259715016,
    176207.03305857256
  ]
}