{
  "current_time": [
    10,
    20,
    30,
    40,
    50,
    60,
    70,
    80,
    90,
    100,
    110,
    120,
    130,
    140,
    150,
    160,
    170,
    180,
    190,
    200,
    210,
    220,
    230,
    240,
    250,
    260,
    270,
    280,
    290,
    300,
    310,
    320
  ],
  "reward": [
    1.0,
    0.04004940801274082,
    0.0,
    0.0,
    0.027957000268257315,
    0.14026990307553522,
    0.31763520710628,
    0.0,
    0.6341476235926444,
    0.8694799522752596,
    1.0,
    0.573531338274446,
    1.0,
    1.0,
    0.5167977691803156,
    1.0,
    0.40978578869976956,
    0.40978578869976956,
    0.7699512585056467,
    0.0,
    0.0,
    0.4602320596093675,
    0.0,
    0.5882698311699583,
    1.0,
    0.4602320596093675,
    0.0,
    0.14678658513870102,
    1.0,
    0.9935442473233611,
    0.9788729299951263,
    0.034139235708175765
  ],
  "current_sat": [
    147,
    145,
    131,
    117,
    168,
    180,
    123,
    128,
    122,
    119,
    168,
    117,
    131,
    131,
    134,
    143,
    145,
    145,
    147,
    108,
    125,
    133,
    121,
    118,
    125,
    133,
    121,
    171,
    100,
    154,
    164,
    152
  ],
  "total_distance": [
    2816.7432536050296,
    5336.426211061534,
    8110.149928627383,
    10815.142866345615,
    14463.394018333636,
    18101.885062684112,
    21734.880492924258,
    24739.150144432653,
    28366.868503858346,
    32010.612299719327,
    35831.9546502336,
    39480.20580222162,
    42185.19873993986,
    42185.19873993986,
    45831.14802554909,
    49593.746504094444,
    53234.7842458339,
    53234.7842458339,
    55754.467203290405,
    58571.21045689544,
    61527.0142341808,
    65164.94494785526,
    68972.6923684882,
    72614.90570968186,
    75536.19964063256,
    79174.13035430702,
    82981.87777493997,
    86627.57656707388,
    90349.23314894426,
    94185.24860943524,
    97826.35584253976,
    101592.35948377055
  ]
}