{
  "current_time": [
    10,
    20,
    30,
    40,
    50,
    60,
    70,
    80,
    90,
    100,
    110,
    120,
    130,
    140,
    150,
    160,
    170,
    180,
    190,
    200,
    210,
    220,
    230,
    240,
    250,
    260,
    270,
    280,
    290,
    300,
    310,
    320,
    330,
    340,
    350,
    360,
    370,
    380,
    390,
    400,
    410,
    420,
    430,
    440,
    450,
    460,
    470,
    480,
    490,
    500,
    510,
    520,
    530,
    540,
    550,
    560,
    570,
    580,
    590,
    600,
    610,
    620,
    630,
    640,
    650,
    660,
    670,
    680,
    690,
    700,
    710,
    720,
    730,
    740,
    750,
    760,
    770,
    780,
    790,
    800,
    810,
    820,
    830,
    840,
    850,
    860,
    870,
    880,
    890,
    900,
    910,
    920,
    930,
    940,
    950,
    960,
    970,
    980,
    990,
    1000,
    1010,
    1020,
    1030,
    1040,
    1050,
    1060,
    1070,
    1080,
    1090,
    1100,
    1110,
    1120,
    1130,
    1140,
    1150,
    1160,
    1170,
    1180,
    1190,
    1200,
    1210,
    1220,
    1230,
    1240
  ],
  "reward": [
    0.6394102417880901,
    0.0,
    0.25979404894708313,
    0.5799231458128464,
    0.503521817944604,
    0.0,
    0.4412297386307562,
    0.5799231458128464,
    0.503521817944604,
    0.0,
    0.0,
    0.8505045085330635,
    0.26750955494205864,
    0.0,
    0.0,
    0.8861750133872472,
    0.8918783399321115,
    1.0,
    1.0,
    0.40652718853956193,
    0.0,
    0.5359027397317837,
    0.0,
    0.36240277113447994,
    1.0,
    0.5359027397317837,
    1.0,
    0.4632199511242613,
    1.0,
    1.0,
    -1,
    0.938639681036561,
    0.0,
    0.4632199511242613,
    0.4632199511242613,
    0.0,
    0.0,
    0.0,
    0.0,
    0.2245455576833768,
    0.0,
    0.25979404894708313,
    0.5799231458128464,
    1.0,
    1.0,
    1.0,
    0.5722178378630454,
    0.5359027397317837,
    0.0,
    0.36240277113447994,
    1.0,
    0.5359027397317837,
    1.0,
    0.4632199511242613,
    0.0,
    0.0,
    0.0,
    0.0,
    0.25979404894708313,
    0.0,
    0.442592521084923,
    0.6100078113993637,
    0.8962930930630724,
    0.5838545350204893,
    1.0,
    1.0,
    0.7257551855150592,
    0.2953277503001681,
    1.0,
    1.0,
    0.46426128066615235,
    0.3403885841740366,
    0.3403885841740366,
    0.0,
    0.0,
    0.0,
    0.0,
    0.503521817944604,
    1.0,
    1.0,
    0.44355777283037034,
    0.0,
    0.6100078113993637,
    0.8962930930630724,
    0.35095842546706135,
    0.664343478126133,
    0.664343478126133,
    0.0,
    0.0,
    0.0,
    0.0,
    0.8505045085330635,
    0.8962930930630724,
    0.5838545350204893,
    0.5838545350204893,
    0.17193866290478244,
    0.0,
    0.26750955494205864,
    0.0,
    0.0,
    0.8505045085330635,
    0.26750955494205864,
    0.5868614859561468,
    1.0,
    1.0,
    1.0,
    -1,
    1.0,
    1.0,
    1.0,
    0.0,
    0.5151019444849684,
    0.0,
    0.0,
    0.0,
    0.0,
    1.0,
    1.0,
    0.3418769781632318,
    0.3418769781632318,
    -1,
    0.3960057905736728,
    1.0,
    0.03541544260311975
  ],
  "current_sat": [
    106,
    154,
    164,
    108,
    125,
    133,
    164,
    108,
    125,
    133,
    100,
    171,
    121,
    133,
    100,
    154,
    106,
    140,
    141,
    134,
    143,
    140,
    106,
    152,
    143,
    140,
    141,
    137,
    123,
    123,
    123,
    180,
    141,
    137,
    137,
    148,
    148,
    109,
    109,
    166,
    154,
    164,
    108,
    147,
    147,
    145,
    143,
    140,
    106,
    152,
    143,
    140,
    141,
    137,
    148,
    109,
    106,
    154,
    164,
    133,
    121,
    171,
    120,
    151,
    153,
    104,
    112,
    102,
    160,
    119,
    168,
    117,
    117,
    131,
    145,
    147,
    108,
    125,
    118,
    138,
    113,
    121,
    171,
    120,
    113,
    138,
    138,
    118,
    121,
    133,
    100,
    171,
    120,
    151,
    151,
    167,
    171,
    121,
    133,
    100,
    171,
    121,
    118,
    138,
    142,
    142,
    142,
    111,
    158,
    160,
    102,
    112,
    149,
    149,
    146,
    146,
    102,
    160,
    158,
    158,
    158,
    139,
    119,
    122
  ],
  "total_distance": [
    3642.8107789034116,
    7462.929069085852,
    11104.395362347226,
    14745.486887491761,
    17635.84596358194,
    21273.745374902646,
    25103.194642037673,
    28744.286167182207,
    31634.645243272385,
    35272.54465459309,
    38919.20837171805,
    42671.50642230005,
    46317.55613113726,
    50098.70869176065,
    53745.37240888561,
    57609.62798650982,
    61429.74627669226,
    64232.49704244759,
    68117.14620963727,
    71757.91857034556,
    75554.3139878081,
    79194.93676974736,
    81997.6875355027,
    85640.49831440611,
    88771.22357644922,
    92411.84635838849,
    96296.49552557817,
    99935.62179822588,
    102814.83490928554,
    102814.83490928554,
    102814.83490928554,
    106447.37634138233,
    110239.70012064015,
    113878.82639328786,
    113878.82639328786,
    116910.54871851919,
    116910.54871851919,
    118977.03687044326,
    118977.03687044326,
    121901.2450258111,
    125530.3209255461,
    129171.78721880747,
    132812.878743952,
    135561.24748289605,
    135561.24748289605,
    138313.2562809339,
    141954.26265990973,
    145594.885441849,
    148397.63620760434,
    152040.44698650777,
    155171.17224855087,
    158811.79503049015,
    162696.4441976798,
    166335.57047032754,
    169367.29279555887,
    171433.78094748294,
    175069.68099167172,
    178889.79928185415,
    182531.26557511554,
    186360.71484225057,
    190141.86740287396,
    193787.91711171117,
    197624.18104732462,
    201258.52910476367,
    203979.42703994073,
    206786.92818244518,
    210418.7243822213,
    214074.96055525754,
    217973.06076554107,
    221764.41954808083,
    225615.51693014134,
    229263.71507948282,
    229263.71507948282,
    232037.05487984567,
    234877.8393524733,
    237629.84815051116,
    240378.21688945522,
    243268.5759655454,
    246122.33688551662,
    249130.28531103453,
    252771.9655828427,
    256639.8355926756,
    260285.8853015128,
    264122.1492371263,
    267765.8347421712,
    271407.5150139794,
    271407.5150139794,
    274415.4634394973,
    278057.76516048756,
    281838.9177211109,
    285485.5814382359,
    289237.8794888179,
    293074.1434244313,
    296708.4914818704,
    296708.4914818704,
    299577.5182771197,
    303204.9061936217,
    306850.9559024589,
    310632.1084630823,
    314278.77218020725,
    318031.07023078925,
    321677.1199396265,
    325319.42166061676,
    328327.37008613464,
    330759.923025506,
    330759.923025506,
    330759.923025506,
    332552.2041410542,
    335577.3521922105,
    339221.8892772207,
    343119.98948750424,
    346776.22566054045,
    349831.1548695165,
    349831.1548695165,
    353475.4392031951,
    353475.4392031951,
    355930.1175071742,
    359828.21771745774,
    363472.75480246794,
    363472.75480246794,
    363472.75480246794,
    366346.9475874446,
    369987.77483366523,
    373631.3144023593
  ]
}