{
  "current_time": [
    10,
    20,
    30,
    40,
    50,
    60,
    70,
    80,
    90,
    100,
    110,
    120,
    130,
    140,
    150,
    160,
    170,
    180,
    190,
    200,
    210,
    220
  ],
  "reward": [
    0.0,
    1.0,
    1.0,
    1.0,
    1.0,
    0.0,
    0.4250912432867129,
    0.307231728047647,
    0.0,
    0.0,
    1.0,
    0.2616423687188075,
    0.0,
    0.0,
    0.677937330355844,
    0.677937330355844,
    1.0,
    0.5841250953945145,
    1.0,
    1.0,
    1.0,
    0.1445179716502058
  ],
  "current_sat": [
    164,
    133,
    125,
    118,
    113,
    120,
    144,
    104,
    163,
    163,
    159,
    122,
    180,
    137,
    141,
    141,
    134,
    168,
    119,
    160,
    102,
    146
  ],
  "total_distance": [
    3641.0002166001527,
    7515.849583649849,
    11153.79643276847,
    14119.501779249085,
    17636.383524003653,
    21279.664019630036,
    24941.39323421056,
    27614.715788846872,
    30575.245600830716,
    30575.245600830716,
    34205.958230653785,
    38002.90009229538,
    41897.00799180755,
    45485.41113501119,
    49125.29514638317,
    49125.29514638317,
    52766.345071794334,
    56460.83096009687,
    60260.74063311725,
    64003.61199928128,
    67857.3393427357,
    69902.78370981802
  ]
}