{
  "current_time": [
    10,
    20,
    30,
    40,
    50,
    60,
    70,
    80,
    90,
    100,
    110,
    120,
    130,
    140,
    150,
    160,
    170,
    180,
    190,
    200,
    210,
    220,
    230
  ],
  "reward": [
    1.0,
    0.04004940801274082,
    1.0,
    0.0,
    0.0,
    0.0,
    0.0,
    0.4239628530632189,
    0.7351409864531773,
    0.5766576724721515,
    1.0,
    0.782848372948831,
    0.0,
    0.218366611904237,
    0.42678775030878446,
    1.0,
    1.0,
    1.0,
    0.38819547449190694,
    0.0,
    1.0,
    1.0,
    0.04432119206760252
  ],
  "current_sat": [
    147,
    145,
    143,
    134,
    168,
    119,
    160,
    102,
    146,
    113,
    138,
    142,
    146,
    102,
    160,
    119,
    168,
    134,
    141,
    137,
    140,
    143,
    152
  ],
  "total_distance": [
    2816.7432536050296,
    5336.426211061534,
    8977.46395280099,
    12740.062431346341,
    16457.734185712397,
    20279.076536226676,
    24042.333135870733,
    27914.793733328053,
    30109.660410308454,
    33725.44136035982,
    37367.15323424682,
    39864.04055461359,
    43508.031179002,
    45702.897855982395,
    49575.358453439716,
    53338.61505308378,
    57159.957403598055,
    60877.62915796411,
    64518.573572462294,
    68158.15718456305,
    71685.66771637491,
    75326.59754232869,
    78253.4346385819
  ]
}