{
  "current_time": [
    10,
    20,
    30,
    40,
    50,
    60,
    70,
    80,
    90,
    100,
    110,
    120,
    130,
    140,
    150,
    160,
    170,
    180,
    190,
    200
  ],
  "reward": [
    1.0,
    0.45236494642871283,
    0.0,
    0.0,
    0.44846069232610575,
    0.9852596531063049,
    0.8511607487280046,
    1.0,
    1.0,
    1.0,
    1.0,
    0.46490644027766737,
    0.0,
    0.0,
    0.46928566343656897,
    1.0,
    0.6896558661334617,
    1.0,
    0.9362720163135142,
    0.2153551309080264
  ],
  "current_sat": [
    147,
    152,
    164,
    133,
    121,
    118,
    113,
    146,
    102,
    160,
    119,
    168,
    134,
    143,
    145,
    131,
    134,
    168,
    180,
    122
  ],
  "total_distance": [
    2861.878481883509,
    6504.624107179026,
    10289.576421357495,
    14164.42578840719,
    17988.21432979298,
    21630.3605548143,
    25147.242299568865,
    28793.0420932961,
    30838.486460378426,
    34692.21380383284,
    38435.08516999687,
    42234.99484301725,
    45929.48073131979,
    49668.0099379637,
    53309.06174412987,
    56037.95412252833,
    59683.87358373686,
    63378.359472039396,
    67017.07353021884,
    70911.18142973102
  ]
}