{
  "current_time": [
    10,
    20,
    30,
    40,
    50,
    60
  ],
  "reward": [
    0.0,
    0.4643096702084819,
    1.0,
    0.4520290579820946,
    1.0,
    0.16956034661846162
  ],
  "current_sat": [
    125,
    133,
    164,
    108,
    147,
    152
  ],
  "total_distance": [
    2998.9782723763037,
    6636.925121494924,
    10511.774488544619,
    14152.774705144771,
    17014.65318702828,
    20657.398812323798
  ]
}