{
  "current_time": [
    10,
    20,
    30,
    40,
    50,
    60,
    70,
    80
  ],
  "reward": [
    1.0,
    0.19408633756990012,
    0.9141162014436018,
    1.0,
    0.13291109030024317,
    0.42224087095846063,
    1.0,
    0.342415627128823
  ],
  "current_sat": [
    125,
    133,
    121,
    113,
    120,
    144,
    149,
    146
  ],
  "total_distance": [
    2955.803777285366,
    6593.734490959825,
    10401.48191159277,
    14293.237621006692,
    17936.68551573878,
    21623.336212830007,
    25262.07862677187,
    28906.256300900663
  ]
}