{
  "current_time": [
    10,
    20,
    30,
    40,
    50,
    60,
    70,
    80,
    90,
    100,
    110,
    120,
    130,
    140,
    150,
    160,
    170,
    180,
    190,
    200,
    210,
    220,
    230,
    240,
    250,
    260,
    270,
    280,
    290,
    300,
    310,
    320,
    330,
    340,
    350,
    360,
    370
  ],
  "reward": [
    0.20151942842179726,
    0.4261904571379529,
    0.8741776543856503,
    0.8741776543856503,
    1.0,
    1.0,
    1.0,
    1.0,
    0.7806777452461129,
    0.0,
    0.9554530586615337,
    0.0,
    0.3136813075964877,
    1.0,
    0.6140515885047333,
    0.0,
    0.03903538605386214,
    0.7995758163160721,
    0.7995758163160721,
    0.0,
    0.20151942842179726,
    0.4261904571379529,
    1.0,
    0.3308094369246949,
    1.0,
    1.0,
    0.9909575446118396,
    0.8905724304585909,
    0.12609734082291912,
    0.3136813075964877,
    1.0,
    0.0,
    0.13380008256314024,
    1.0,
    0.9871222920459689,
    1.0,
    0.10749099118096718
  ],
  "current_sat": [
    102,
    160,
    158,
    158,
    139,
    117,
    131,
    145,
    147,
    108,
    164,
    154,
    100,
    133,
    125,
    118,
    138,
    142,
    142,
    146,
    102,
    160,
    119,
    122,
    180,
    141,
    140,
    106,
    154,
    100,
    133,
    121,
    171,
    100,
    154,
    106,
    152
  ],
  "total_distance": [
    2277.2274270114212,
    6158.5645165603855,
    9803.138777683183,
    9803.138777683183,
    12632.512429970579,
    15520.90139156353,
    18248.74202440384,
    21044.853026047414,
    23637.633264197953,
    26431.6669722553,
    30072.726687257527,
    33713.955167705426,
    37559.708190473524,
    41206.23510797647,
    44844.15630593126,
    47743.054460709245,
    50794.56632931783,
    53269.89189177349,
    53269.89189177349,
    56913.85710215091,
    59191.08452916233,
    63072.4216187113,
    66845.37770060849,
    70489.05527051132,
    74358.46562859847,
    78167.71813117253,
    82067.54179449161,
    84714.25126475083,
    88516.91355008968,
    92362.66657285778,
    96009.19349036073,
    99808.41197339234,
    103454.22918972335,
    107186.42289534488,
    111032.17591811297,
    114834.83820345183,
    118477.52323364867
  ]
}