{
  "current_time": [
    10,
    20,
    30,
    40,
    50,
    60,
    70,
    80,
    90,
    100,
    110,
    120,
    130,
    140,
    150,
    160,
    170,
    180,
    190,
    200,
    210,
    220,
    230,
    240,
    250,
    260,
    270,
    280,
    290,
    300,
    310,
    320,
    330,
    340,
    350,
    360,
    370,
    380,
    390,
    400,
    410,
    420,
    430,
    440,
    450,
    460,
    470,
    480,
    490,
    500,
    510,
    520,
    530,
    540,
    550,
    560,
    570,
    580,
    590,
    600,
    610,
    620,
    630,
    640,
    650,
    660,
    670,
    680,
    690,
    700,
    710,
    720,
    730,
    740,
    750,
    760,
    770,
    780,
    790,
    800,
    810,
    820,
    830,
    840,
    850,
    860,
    870,
    880,
    890,
    900,
    910,
    920,
    930,
    940,
    950,
    960,
    970,
    980,
    990,
    1000,
    1010,
    1020,
    1030,
    1040,
    1050,
    1060,
    1070,
    1080,
    1090,
    1100,
    1110,
    1120,
    1130,
    1140,
    1150,
    1160,
    1170,
    1180,
    1190,
    1200,
    1210,
    1220,
    1230,
    1240,
    1250,
    1260,
    1270,
    1280,
    1290,
    1300,
    1310,
    1320,
    1330,
    1340,
    1350
  ],
  "reward": [
    0.5920542864838563,
    0.5920542864838563,
    -1,
    -1,
    0.0,
    0.24951428528720598,
    0.8572020468512954,
    0.0,
    0.0,
    -1,
    0.0,
    1.0,
    1.0,
    1.0,
    0.9984149064619322,
    1.0,
    1.0,
    1.0,
    0.27266924972208995,
    0.0,
    0.0,
    0.0,
    0.0,
    0.0,
    0.1837137176098239,
    0.0,
    0.7136896214377308,
    0.8607689336862664,
    0.8607689336862664,
    -1,
    1.0,
    0.19408633756990012,
    0.9141162014436018,
    0.7027435700672342,
    0.112376598041101,
    0.0,
    0.5920542864838563,
    0.0,
    0.5066031884258568,
    0.8607689336862664,
    0.5920542864838563,
    0.5920542864838563,
    0.6518950208518295,
    0.0,
    0.8572020468512954,
    1.0,
    1.0,
    0.3282141156558058,
    0.3282141156558058,
    -1,
    -1,
    0.0,
    0.8572020468512954,
    1.0,
    1.0,
    0.3282141156558058,
    0.0,
    0.0,
    0.26695588894929934,
    1.0,
    0.30146845082208873,
    0.30146845082208873,
    0.0,
    0.0,
    -1,
    -1,
    -1,
    -1,
    -1,
    -1,
    -1,
    0.0,
    0.0,
    0.810544973675926,
    1.0,
    1.0,
    0.6518950208518295,
    1.0,
    1.0,
    0.0,
    0.0,
    0.0,
    0.684802679245733,
    0.684802679245733,
    -1,
    1.0,
    0.5798187679063527,
    0.8040634879875785,
    0.8040634879875785,
    -1,
    -1,
    0.5012930599357907,
    0.5012930599357907,
    0.3282141156558058,
    0.8884034204402536,
    0.8884034204402536,
    -1,
    0.0,
    0.5066031884258568,
    0.8607689336862664,
    0.5920542864838563,
    0.6518950208518295,
    0.6518950208518295,
    -1,
    0.0,
    0.8572020468512954,
    1.0,
    1.0,
    1.0,
    0.25827099025411526,
    1.0,
    1.0,
    0.5799608409902106,
    0.5799608409902106,
    0.0,
    0.0,
    0.25827099025411526,
    1.0,
    0.693005511017772,
    0.693005511017772,
    0.0,
    0.0,
    0.25827099025411526,
    1.0,
    0.0,
    0.0,
    0.0,
    0.0,
    1.0,
    1.0,
    1.0,
    1.0,
    0.08833745297434958,
    0.7848472299810528,
    0.030557713136661457
  ],
  "current_sat": [
    147,
    147,
    147,
    147,
    152,
    143,
    134,
    141,
    141,
    141,
    137,
    180,
    122,
    119,
    139,
    158,
    158,
    111,
    142,
    138,
    118,
    118,
    121,
    171,
    100,
    154,
    164,
    108,
    108,
    108,
    125,
    133,
    121,
    118,
    125,
    108,
    147,
    152,
    164,
    108,
    147,
    147,
    145,
    143,
    134,
    131,
    131,
    145,
    145,
    145,
    145,
    143,
    134,
    131,
    131,
    145,
    143,
    140,
    137,
    180,
    123,
    123,
    116,
    116,
    116,
    116,
    116,
    116,
    116,
    116,
    116,
    148,
    109,
    106,
    152,
    147,
    145,
    131,
    117,
    168,
    180,
    137,
    141,
    141,
    141,
    134,
    168,
    117,
    117,
    117,
    117,
    131,
    131,
    145,
    147,
    147,
    147,
    152,
    164,
    108,
    147,
    145,
    145,
    145,
    143,
    134,
    131,
    117,
    139,
    119,
    160,
    102,
    111,
    111,
    158,
    139,
    119,
    160,
    158,
    158,
    139,
    139,
    119,
    160,
    159,
    163,
    163,
    128,
    122,
    119,
    160,
    102,
    112,
    149,
    146
  ],
  "total_distance": [
    2816.7432536050296,
    2816.7432536050296,
    2816.7432536050296,
    2816.7432536050296,
    6459.459025868092,
    9386.296122121297,
    13148.894600666648,
    16789.83901516483,
    16789.83901516483,
    16789.83901516483,
    20429.42262726559,
    23986.665537829023,
    27864.639233656617,
    31508.383029517598,
    35149.15428859348,
    37955.96893119098,
    37955.96893119098,
    40916.05708061329,
    42332.84604366141,
    44829.73336402818,
    47902.85051321943,
    47902.85051321943,
    51545.063854413085,
    55190.76264654698,
    58912.41922841736,
    62748.43468890834,
    66389.54192201287,
    70030.5833944444,
    70030.5833944444,
    70030.5833944444,
    72986.38717172977,
    76624.31788540423,
    80432.06530603718,
    84074.27864723084,
    86995.57257818154,
    89951.37635546691,
    92768.11960907195,
    96410.83538133501,
    100176.8390225658,
    103817.88049499733,
    106634.62374860236,
    106634.62374860236,
    109154.30670605887,
    112795.34444779833,
    116557.94292634368,
    120203.89221195292,
    120203.89221195292,
    122977.61592951877,
    122977.61592951877,
    122977.61592951877,
    122977.61592951877,
    126618.65367125823,
    130381.25214980358,
    134027.2014354128,
    134027.2014354128,
    136800.92515297866,
    140441.9628947181,
    144082.8927206719,
    147610.40325248375,
    151167.64616304717,
    154800.64159328732,
    154800.64159328732,
    157246.40728297638,
    157246.40728297638,
    157246.40728297638,
    157246.40728297638,
    157246.40728297638,
    157246.40728297638,
    157246.40728297638,
    157246.40728297638,
    157246.40728297638,
    159623.6006820335,
    161375.69384873976,
    165011.14451720295,
    168653.7639982104,
    172296.47977047347,
    174816.16272792997,
    177589.88644549582,
    180294.87938321405,
    183943.13053520207,
    187581.62157955253,
    191138.86449011596,
    194778.44810221673,
    194778.44810221673,
    194778.44810221673,
    198419.3925167149,
    202137.06427108095,
    205785.31542306897,
    205785.31542306897,
    205785.31542306897,
    205785.31542306897,
    208490.3083607872,
    208490.3083607872,
    211264.03207835305,
    213783.71503580955,
    213783.71503580955,
    213783.71503580955,
    217426.43080807262,
    221192.4344493034,
    224833.47592173493,
    227650.21917533997,
    230169.90213279647,
    230169.90213279647,
    230169.90213279647,
    233810.93987453592,
    237573.53835308127,
    241219.4876386905,
    243924.48057640874,
    246790.63047876387,
    250431.40173783974,
    254194.6583374838,
    258067.1189349411,
    261695.51504536995,
    261695.51504536995,
    264655.60319479223,
    267462.41783738974,
    271103.18909646565,
    274866.44569610973,
    278511.0361472137,
    278511.0361472137,
    281317.85078981123,
    281317.85078981123,
    284958.62204888713,
    288721.8786485312,
    292362.636992116,
    295993.03909506556,
    295993.03909506556,
    298856.1620675125,
    302483.88042693824,
    306127.6242227992,
    309890.8808224433,
    313763.3414199006,
    317419.8103491458,
    320265.986511043,
    323910.1641851718
  ]
}