{
  "current_time": [
    10,
    20,
    30,
    40,
    50,
    60,
    70,
    80,
    90,
    100,
    110,
    120,
    130,
    140,
    150,
    160,
    170,
    180,
    190,
    200,
    210,
    220,
    230,
    240,
    250,
    260,
    270,
    280,
    290,
    300,
    310,
    320,
    330,
    340,
    350,
    360,
    370,
    380,
    390,
    400,
    410,
    420,
    430,
    440,
    450,
    460,
    470,
    480,
    490,
    500,
    510,
    520,
    530,
    540,
    550,
    560,
    570,
    580,
    590,
    600,
    610,
    620,
    630,
    640,
    650,
    660,
    670,
    680,
    690,
    700,
    710,
    720,
    730,
    740,
    750,
    760,
    770,
    780,
    790,
    800,
    810,
    820,
    830,
    840,
    850,
    860,
    870,
    880,
    890,
    900,
    910,
    920,
    930,
    940,
    950,
    960,
    970,
    980,
    990,
    1000,
    1010,
    1020,
    1030,
    1040,
    1050,
    1060,
    1070,
    1080,
    1090,
    1100,
    1110,
    1120,
    1130,
    1140,
    1150,
    1160,
    1170,
    1180,
    1190,
    1200,
    1210,
    1220,
    1230,
    1240,
    1250,
    1260,
    1270,
    1280,
    1290,
    1300,
    1310,
    1320,
    1330,
    1340,
    1350,
    1360,
    1370,
    1380,
    1390,
    1400,
    1410,
    1420,
    1430,
    1440,
    1450,
    1460,
    1470,
    1480,
    1490,
    1500,
    1510,
    1520,
    1530,
    1540,
    1550,
    1560,
    1570,
    1580,
    1590,
    1600,
    1610,
    1620,
    1630,
    1640,
    1650,
    1660,
    1670,
    1680,
    1690,
    1700,
    1710,
    1720,
    1730,
    1740,
    1750,
    1760,
    1770,
    1780,
    1790,
    1800,
    1810,
    1820,
    1830,
    1840,
    1850,
    1860,
    1870,
    1880,
    1890,
    1900,
    1910,
    1920,
    1930,
    1940,
    1950,
    1960,
    1970,
    1980,
    1990,
    2000,
    2010,
    2020,
    2030,
    2040,
    2050,
    2060,
    2070,
    2080,
    2090,
    2100,
    2110,
    2120,
    2130,
    2140,
    2150,
    2160,
    2170,
    2180
  ],
  "reward": [
    0.5711522755344315,
    1.0,
    0.7995758163160721,
    0.0,
    0.5711522755344315,
    1.0,
    0.7995758163160721,
    0.0,
    0.5711522755344315,
    1.0,
    0.7995758163160721,
    0.0,
    0.5711522755344315,
    1.0,
    0.7995758163160721,
    0.0,
    0.5711522755344315,
    1.0,
    0.7995758163160721,
    0.0,
    0.5711522755344315,
    1.0,
    0.7995758163160721,
    0.0,
    0.20151942842179726,
    0.0,
    0.638280737235128,
    1.0,
    0.5711522755344315,
    1.0,
    0.7995758163160721,
    0.0,
    0.20151942842179726,
    0.0,
    0.638280737235128,
    1.0,
    0.5711522755344315,
    1.0,
    0.7995758163160721,
    0.0,
    0.5711522755344315,
    1.0,
    0.7995758163160721,
    0.6374039926252719,
    0.47190966848246074,
    1.0,
    1.0,
    1.0,
    0.5062768461485201,
    0.38430561267340546,
    0.3369680635998973,
    0.5844793382401645,
    1.0,
    1.0,
    0.42943972826821597,
    0.42943972826821597,
    -1,
    -1,
    -1,
    -1,
    -1,
    -1,
    -1,
    0.0,
    0.0,
    0.0,
    0.0,
    0.7250434377956867,
    0.0,
    0.7522072600427354,
    0.0,
    0.13686340724229418,
    1.0,
    0.8707982645174223,
    0.9626861626105364,
    1.0,
    0.6140515885047333,
    0.6140515885047333,
    -1,
    -1,
    -1,
    -1,
    -1,
    -1,
    -1,
    -1,
    -1,
    -1,
    -1,
    -1,
    -1,
    -1,
    -1,
    -1,
    -1,
    -1,
    -1,
    -1,
    -1,
    -1,
    -1,
    -1,
    -1,
    -1,
    -1,
    -1,
    -1,
    -1,
    -1,
    -1,
    -1,
    -1,
    -1,
    -1,
    -1,
    -1,
    -1,
    -1,
    -1,
    -1,
    -1,
    -1,
    -1,
    -1,
    -1,
    -1,
    -1,
    -1,
    -1,
    -1,
    -1,
    -1,
    -1,
    0.0,
    0.0,
    0.03903538605386214,
    0.0,
    0.9626861626105364,
    0.5904927224829353,
    1.0,
    1.0,
    -1,
    -1,
    -1,
    -1,
    -1,
    -1,
    -1,
    -1,
    -1,
    -1,
    -1,
    -1,
    -1,
    -1,
    -1,
    -1,
    -1,
    -1,
    -1,
    -1,
    -1,
    -1,
    -1,
    -1,
    -1,
    -1,
    -1,
    -1,
    -1,
    -1,
    0.45818357586494696,
    0.38102166522733216,
    0.34489628840745123,
    0.34489628840745123,
    -1,
    -1,
    -1,
    -1,
    -1,
    -1,
    -1,
    -1,
    -1,
    -1,
    -1,
    -1,
    -1,
    -1,
    -1,
    0.6069061238194251,
    1.0,
    0.9806091276662269,
    0.45747270676067986,
    0.45747270676067986,
    -1,
    -1,
    -1,
    -1,
    -1,
    -1,
    -1,
    -1,
    -1,
    -1,
    -1,
    1.0,
    1.0,
    -1,
    -1,
    -1,
    -1,
    -1,
    -1,
    -1,
    -1,
    -1,
    0.046017662713717385
  ],
  "current_sat": [
    113,
    138,
    142,
    146,
    113,
    138,
    142,
    146,
    113,
    138,
    142,
    146,
    113,
    138,
    142,
    146,
    113,
    138,
    142,
    146,
    113,
    138,
    142,
    146,
    102,
    112,
    149,
    146,
    113,
    138,
    142,
    146,
    102,
    112,
    149,
    146,
    113,
    138,
    142,
    146,
    113,
    138,
    142,
    111,
    158,
    139,
    117,
    131,
    134,
    141,
    137,
    148,
    140,
    143,
    145,
    145,
    145,
    145,
    145,
    145,
    145,
    145,
    145,
    131,
    117,
    139,
    158,
    111,
    102,
    146,
    149,
    144,
    120,
    113,
    121,
    133,
    125,
    125,
    125,
    125,
    125,
    125,
    125,
    125,
    125,
    125,
    125,
    125,
    125,
    125,
    125,
    125,
    125,
    125,
    125,
    125,
    125,
    125,
    125,
    125,
    125,
    125,
    125,
    125,
    125,
    125,
    125,
    125,
    125,
    125,
    125,
    125,
    125,
    125,
    125,
    125,
    125,
    125,
    125,
    125,
    125,
    125,
    125,
    125,
    125,
    125,
    125,
    125,
    125,
    125,
    125,
    125,
    125,
    118,
    118,
    138,
    113,
    121,
    118,
    125,
    125,
    125,
    125,
    125,
    125,
    125,
    125,
    125,
    125,
    125,
    125,
    125,
    125,
    125,
    125,
    125,
    125,
    125,
    125,
    125,
    125,
    125,
    125,
    125,
    125,
    125,
    125,
    125,
    125,
    125,
    125,
    133,
    100,
    129,
    129,
    129,
    129,
    129,
    129,
    129,
    129,
    129,
    129,
    129,
    129,
    129,
    129,
    129,
    129,
    129,
    166,
    154,
    164,
    108,
    108,
    108,
    108,
    108,
    108,
    108,
    108,
    108,
    108,
    108,
    108,
    108,
    147,
    147,
    147,
    147,
    147,
    147,
    147,
    147,
    147,
    147,
    147,
    152
  ],