{
  "current_time": [
    10,
    20,
    30,
    40,
    50,
    60,
    70,
    80,
    90,
    100,
    110,
    120,
    130,
    140,
    150,
    160,
    170,
    180,
    190,
    200,
    210,
    220,
    230,
    240,
    250,
    260,
    270,
    280,
    290,
    300,
    310,
    320,
    330,
    340,
    350,
    360,
    370,
    380,
    390,
    400,
    410,
    420,
    430,
    440,
    450,
    460,
    470,
    480,
    490,
    500,
    510,
    520,
    530,
    540,
    550,
    560,
    570,
    580,
    590,
    600,
    610,
    620,
    630,
    640,
    650,
    660,
    670,
    680,
    690,
    700,
    710,
    720,
    730,
    740,
    750,
    760,
    770,
    780,
    790,
    800,
    810,
    820,
    830,
    840,
    850,
    860,
    870,
    880,
    890,
    900,
    910,
    920,
    930,
    940,
    950,
    960,
    970,
    980,
    990,
    1000,
    1010,
    1020,
    1030,
    1040,
    1050,
    1060,
    1070,
    1080,
    1090,
    1100,
    1110
  ],
  "reward": [
    0.4412297386307562,
    0.6580008903636329,
    0.0,
    0.8505045085330635,
    0.8962930930630724,
    0.35095842546706135,
    0.0,
    0.6100078113993637,
    1.0,
    1.0,
    1.0,
    0.0,
    1.0,
    0.9106170470286117,
    1.0,
    0.2953277503001681,
    0.09081093499262538,
    0.0,
    0.0,
    0.0,
    0.44355777283037034,
    0.5656465353116056,
    0.0,
    0.0,
    0.8861750133872472,
    0.8918783399321115,
    1.0,
    1.0,
    1.0,
    0.4387060402357741,
    1.0,
    0.4532393379530555,
    0.0,
    0.0,
    0.666510175036904,
    0.666510175036904,
    0.212193208424846,
    0.212193208424846,
    1.0,
    0.0,
    0.0,
    0.35095842546706135,
    1.0,
    0.666510175036904,
    0.212193208424846,
    1.0,
    0.0,
    0.0,
    0.35095842546706135,
    0.664343478126133,
    0.0,
    0.4562042340635022,
    0.9545235089185419,
    0.0,
    0.6580008903636329,
    0.0,
    1.0,
    0.9741575364288892,
    1.0,
    0.0,
    0.35095842546706135,
    0.0,
    0.0,
    0.4412297386307562,
    1.0,
    1.0,
    1.0,
    1.0,
    1.0,
    0.4532393379530555,
    0.0,
    0.0,
    0.666510175036904,
    1.0,
    0.2953277503001681,
    0.09081093499262538,
    0.0,
    0.0,
    0.44355777283037034,
    0.5656465353116056,
    0.5838545350204893,
    0.17193866290478244,
    0.1652654148875441,
    1.0,
    1.0,
    1.0,
    1.0,
    0.7835484315199809,
    1.0,
    0.4387060402357741,
    1.0,
    0.4532393379530555,
    0.0,
    0.5151019444849684,
    0.4475966127836639,
    0.0,
    0.5030981065160313,
    0.9106170470286117,
    0.0,
    0.0,
    0.664343478126133,
    0.0,
    0.4562042340635022,
    0.9545235089185419,
    0.0,
    0.6580008903636329,
    0.8918783399321115,
    1.0,
    1.0,
    1.0,
    0.049350373737394065
  ],
  "current_sat": [
    164,
    154,
    100,
    171,
    120,
    113,
    121,
    171,
    167,
    167,
    151,
    120,
    144,
    149,
    112,
    102,
    111,
    142,
    142,
    138,
    113,
    120,
    171,
    100,
    154,
    106,
    140,
    141,
    180,
    168,
    119,
    160,
    102,
    146,
    149,
    149,
    144,
    144,
    153,
    151,
    120,
    113,
    146,
    149,
    144,
    153,
    151,
    120,
    113,
    138,
    118,
    125,
    108,
    164,
    154,
    100,
    129,
    167,
    151,
    120,
    113,
    121,
    133,
    164,
    152,
    143,
    134,
    168,
    119,
    160,
    102,
    146,
    149,
    112,
    102,
    111,
    142,
    138,
    113,
    120,
    151,
    167,
    129,
    166,
    109,
    148,
    137,
    141,
    180,
    168,
    119,
    160,
    102,
    112,
    104,
    153,
    144,
    149,
    146,
    113,
    138,
    118,
    125,
    108,
    164,
    154,
    106,
    140,
    141,
    180,
    122
  ],
  "total_distance": [
    3829.4492671350267,
    7470.915560396401,
    11335.171138020607,
    15087.46918860261,
    18923.73312421606,
    22567.418629260996,
    26435.28863909388,
    30081.338347931087,
    33708.72626443303,
    33708.72626443303,
    36577.75305968237,
    40212.101117121434,
    43933.78617629857,
    47572.91852221527,
    50627.84773119133,
    54284.08390422758,
    57912.51274945885,
    59704.79386500703,
    59704.79386500703,
    62137.34680437841,
    65779.02707618657,
    69422.7125812315,
    73258.97651684495,
    77011.27456742695,
    80875.53014505116,
    84695.6484352336,
    87498.39920098893,
    91383.04836817861,
    95175.37214743643,
    98813.51674657925,
    102664.61412863976,
    106455.97291117952,
    110354.07312146305,
    112808.75142544218,
    116453.03575912077,
    116453.03575912077,
    120092.16810503746,
    120092.16810503746,
    123721.82249420427,
    126442.72042938131,
    130077.06848682037,
    133720.7539918653,
    137289.47525580632,
    140933.75958948492,
    144572.89193540163,
    148202.54632456842,
    150923.44425974548,
    154557.79231718453,
    158201.47782222947,
    161843.15809403764,
    164851.10651955556,
    167704.86743952677,
    170595.22651561696,
    174236.3180407615,
    177877.78433402287,
    181742.03991164707,
    185375.7256393503,
    188200.94407289097,
    191069.9708681403,
    194704.31892557937,
    198348.0044306243,
    202215.8744404572,
    205997.0270010806,
    209826.47626821563,
    213561.58359346513,
    216692.30885550822,
    220488.70427297076,
    224238.74897452616,
    228089.84635658667,
    231881.20513912642,
    235779.30534940996,
    238233.9836533891,
    241878.2679870677,
    244933.19719604377,
    248589.43336908,
    252217.8622143113,
    254010.14332985948,
    256442.69626923086,
    260084.37654103903,
    263728.062046084,
    267362.41010352306,
    270231.4368987724,
    273056.65533231304,
    276017.68666258914,
    278941.89481795696,
    281008.38296988106,
    284040.10529511236,
    287679.23156776006,
    291471.5553470179,
    295109.6999461607,
    298960.79732822126,
    302752.156110761,
    306650.2563210445,
    310306.49249408074,
    313938.28869385686,
    316745.7898363613,
    320375.4442255281,
    324014.5765714448,
    327658.8609051234,
    331227.58216906444,
    334869.2624408726,
    337877.2108663905,
    340730.9717863617,
    343621.33086245187,
    347262.4223875964,
    350903.8886808578,
    354724.0069710402,
    357526.7577367955,
    361411.4069039852,
    365203.730683243,
    369055.03122540447
  ]
}