{
  "current_time": [
    10,
    20,
    30,
    40,
    50,
    60,
    70,
    80,
    90,
    100,
    110,
    120,
    130,
    140,
    150,
    160,
    170,
    180,
    190,
    200,
    210,
    220,
    230,
    240,
    250,
    260,
    270,
    280,
    290,
    300,
    310,
    320,
    330,
    340,
    350,
    360,
    370,
    380,
    390,
    400,
    410,
    420,
    430,
    440,
    450,
    460,
    470,
    480,
    490,
    500,
    510,
    520,
    530,
    540,
    550,
    560,
    570,
    580,
    590,
    600,
    610,
    620,
    630,
    640,
    650,
    660,
    670,
    680,
    690,
    700,
    710,
    720,
    730,
    740,
    750,
    760,
    770,
    780,
    790,
    800,
    810,
    820,
    830
  ],
  "reward": [
    0.26560941288313933,
    0.0,
    0.2674572837231065,
    0.2674572837231065,
    0.0,
    0.6250396795415298,
    0.0,
    0.613041999651317,
    0.8729435780304912,
    0.8729435780304912,
    0.7299450728580348,
    0.0,
    0.42777497280004084,
    0.0,
    0.0,
    1.0,
    0.42777497280004084,
    0.8729435780304912,
    0.7299450728580348,
    0.7299450728580348,
    -1,
    0.0,
    0.4415914695686005,
    0.0,
    0.5029299296986784,
    0.0,
    0.0,
    0.3709040703251941,
    0.5335501417104628,
    1.0,
    1.0,
    0.6250396795415298,
    0.8601640447286916,
    0.0,
    0.4193642478453493,
    0.0,
    0.3709040703251941,
    0.5335501417104628,
    1.0,
    1.0,
    -1,
    0.6250396795415298,
    0.0,
    0.613041999651317,
    0.4193642478453493,
    0.4415914695686005,
    0.863272439270554,
    0.6795000866976248,
    0.945488594301326,
    1.0,
    1.0,
    1.0,
    1.0,
    0.03847154852225987,
    0.16847784990916892,
    0.0,
    0.8601640447286916,
    1.0,
    0.16847784990916892,
    1.0,
    0.9372647984837947,
    1.0,
    0.12596888227847303,
    0.30909686423305616,
    0.0,
    0.0,
    -1,
    0.4555833991346705,
    1.0,
    1.0,
    1.0,
    0.5011466519350829,
    0.5011466519350829,
    1.0,
    1.0,
    -1,
    1.0,
    0.03648321273662236,
    0.03648321273662236,
    0.9154580653387592,
    0.0,
    1.0,
    0.026378559350369885
  ],
  "current_sat": [
    106,
    140,
    148,
    148,
    137,
    141,
    180,
    168,
    117,
    117,
    139,
    119,
    168,
    180,
    122,
    119,
    168,
    117,
    139,
    139,
    139,
    119,
    160,
    159,
    163,
    128,
    122,
    180,
    123,
    137,
    137,
    141,
    134,
    168,
    119,
    122,
    180,
    123,
    137,
    137,
    137,
    141,
    180,
    168,
    119,
    160,
    158,
    139,
    117,
    131,
    131,
    145,
    145,
    143,
    140,
    141,
    134,
    143,
    140,
    106,
    154,
    100,
    171,
    120,
    144,
    144,
    144,
    149,
    146,
    146,
    113,
    138,
    138,
    118,
    118,
    118,
    125,
    108,
    108,
    164,
    154,
    100,
    133
  ],
  "total_distance": [
    3642.8107789034116,
    6445.5615446587435,
    10078.336674959686,
    10078.336674959686,
    13110.059000191011,
    16749.18527283873,
    20541.509052096553,
    24179.65365123937,
    27827.85180058086,
    27827.85180058086,
    30760.507064061963,
    34401.33431028256,
    38252.431692343074,
    41890.576291485886,
    45741.87683364735,
    49385.4164023414,
    53236.51378440191,
    56884.711933743405,
    59817.36719722451,
    59817.36719722451,
    59817.36719722451,
    63458.19444344511,
    67249.55322598486,
    70889.95590845375,
    74519.89563512242,
    77315.23778680674,
    80942.5179705937,
    84793.81851275517,
    88426.35994485197,
    91305.57305591162,
    91305.57305591162,
    94944.69932855933,
    98585.47168926762,
    102335.51639082303,
    106186.61377288355,
    109830.15334157759,
    113681.45388373906,
    117313.99531583585,
    120193.20842689551,
    120193.20842689551,
    120193.20842689551,
    123832.33469954322,
    127624.65847880104,
    131262.80307794386,
    135113.90046000437,
    138905.25924254413,
    142549.79632755436,
    145423.98911253104,
    148356.64437601215,
    151129.984176375,
    151129.984176375,
    153970.76864900262,
    153970.76864900262,
    157611.77502797844,
    161252.39780991772,
    165137.04697710738,
    168777.8193378157,
    172574.21475527823,
    176214.8375372175,
    179017.58830297284,
    182837.70659315528,
    186701.96217077947,
    190454.26022136147,
    194290.52415697492,
    198012.20921615206,
    198012.20921615206,
    198012.20921615206,
    201651.34156206876,
    205295.62589574736,
    205295.62589574736,
    208864.3471596884,
    212506.02743149656,
    212506.02743149656,
    215513.97585701448,
    215513.97585701448,
    215513.97585701448,
    218367.7367769857,
    221258.09585307588,
    221258.09585307588,
    224899.1873782204,
    228540.6536714818,
    232404.909249106,
    236051.57296623095
  ]
}