{
  "current_time": [
    10,
    20,
    30,
    40,
    50,
    60,
    70,
    80,
    90,
    100,
    110,
    120,
    130,
    140,
    150
  ],
  "reward": [
    0.44436510544635377,
    1.0,
    0.6381949731302654,
    0.0,
    0.0,
    0.8482648884661818,
    0.8981020784467155,
    0.5819737551522783,
    1.0,
    1.0,
    1.0,
    1.0,
    0.7312153175675822,
    1.0,
    0.3608687085687526
  ],
  "current_sat": [
    164,
    152,
    106,
    154,
    100,
    171,
    120,
    151,
    153,
    153,
    144,
    104,
    112,
    159,
    122
  ],
  "total_distance": [
    3848.5868984008503,
    7604.619487747166,
    11247.304517944009,
    15049.96680328286,
    18895.719826050954,
    22627.913531672475,
    26442.796443562085,
    30076.840187065998,
    32751.73753338489,
    32751.73753338489,
    36381.088574140944,
    39238.158687466945,
    42870.25332143665,
    46700.5394111379,
    50470.22980159213
  ]
}