{
  "current_time": [
    10,
    20,
    30,
    40,
    50,
    60,
    70,
    80,
    90,
    100,
    110,
    120,
    130,
    140,
    150,
    160,
    170,
    180,
    190,
    200,
    210,
    220,
    230,
    240,
    250,
    260,
    270,
    280,
    290
  ],
  "reward": [
    1.0,
    0.0,
    0.0,
    0.39068118587001144,
    0.0,
    0.0570073910629697,
    1.0,
    0.8570099309398364,
    0.0,
    0.7185330949284247,
    1.0,
    0.8106689977306757,
    1.0,
    0.0,
    0.718107792150807,
    0.6135838820340838,
    0.038854971095182766,
    0.2588097765046933,
    1.0,
    0.25521814887555383,
    0.0,
    1.0,
    0.2926329569328009,
    0.0,
    0.7138316213148959,
    1.0,
    0.984107867820967,
    1.0,
    0.08880828665606294
  ],
  "current_sat": [
    125,
    108,
    164,
    152,
    106,
    140,
    143,
    134,
    141,
    180,
    122,
    159,
    112,
    104,
    144,
    120,
    151,
    153,
    144,
    104,
    163,
    159,
    122,
    180,
    168,
    119,
    160,
    102,
    146
  ],
  "total_distance": [
    3637.921197954794,
    6571.99376592561,
    10213.053480927838,
    13969.086070274154,
    17611.771100470996,
    20258.480570730215,
    23899.309660283518,
    27673.483936371005,
    31314.372842678345,
    35123.6253452524,
    38993.03570333955,
    42762.72609379378,
    46593.01218349503,
    50225.10681746474,
    53082.17693079074,
    56780.82133214077,
    60414.86507564468,
    63089.762421963576,
    66719.11346271963,
    69576.18357604563,
    72470.5854462593,
    76100.83292549997,
    79870.52331595421,
    83739.93367404136,
    87378.31080755834,
    91209.8929308111,
    94982.84901270828,
    98864.18610225724,
    101141.41352926867
  ]
}