{
  "current_time": [
    10,
    20,
    30,
    40,
    50,
    60,
    70,
    80,
    90,
    100,
    110,
    120,
    130,
    140,
    150,
    160,
    170
  ],
  "reward": [
    0.5755956273278031,
    0.0,
    0.2824217215472846,
    0.0,
    0.27874471126320066,
    1.0,
    1.0,
    1.0,
    1.0,
    0.6621039781342417,
    1.0,
    1.0,
    0.11101484876309842,
    0.0,
    0.6616088105969704,
    1.0,
    0.1717436960231312
  ],
  "current_sat": [
    147,
    152,
    143,
    140,
    137,
    180,
    122,
    119,
    160,
    158,
    111,
    102,
    112,
    104,
    144,
    149,
    146
  ],
  "total_distance": [
    2861.878481883509,
    6504.624107179026,
    9318.39505683098,
    12959.521445721437,
    16517.892437399256,
    20106.2955806029,
    24000.403480115074,
    27644.27418432346,
    31387.14555048749,
    35031.76368083563,
    37948.00421218174,
    41576.37338320949,
    45232.988209515985,
    48865.52605180794,
    51538.84860644425,
    55177.3244796324,
    58821.422552157834
  ]
}