{
  "current_time": [
    10,
    20,
    30,
    40,
    50,
    60,
    70,
    80,
    90,
    100,
    110,
    120,
    130,
    140,
    150,
    160,
    170,
    180,
    190,
    200,
    210,
    220,
    230,
    240,
    250,
    260,
    270,
    280,
    290,
    300,
    310,
    320,
    330,
    340,
    350,
    360,
    370,
    380,
    390,
    400,
    410,
    420,
    430,
    440,
    450,
    460,
    470,
    480,
    490,
    500,
    510,
    520,
    530,
    540,
    550,
    560,
    570,
    580,
    590,
    600,
    610,
    620,
    630,
    640,
    650,
    660
  ],
  "reward": [
    0.495574479712379,
    0.8751361447434516,
    0.8751361447434516,
    1.0,
    1.0,
    1.0,
    1.0,
    0.0,
    0.0,
    0.0,
    0.0,
    0.0,
    -1,
    1.0,
    0.0,
    0.0,
    0.0,
    0.0,
    0.0,
    1.0,
    1.0,
    1.0,
    1.0,
    1.0,
    0.7984284984727481,
    0.0,
    0.0,
    0.0,
    0.0,
    -1,
    -1,
    1.0,
    0.7984284984727481,
    1.0,
    0.0,
    0.1446550367549838,
    0.1446550367549838,
    0.0,
    1.0,
    0.41906284833981366,
    0.0,
    0.0,
    -1,
    0.0,
    0.0,
    -1,
    0.0,
    0.9347391926385965,
    0.19877010333963452,
    0.0,
    0.0,
    1.0,
    0.21635577545440532,
    0.8567888278439514,
    0.0,
    0.15421156536934932,
    0.15421156536934932,
    1.0,
    1.0,
    1.0,
    -1,
    1.0,
    0.7984284984727481,
    0.9330324265233804,
    1.0,
    0.07581108820102563
  ],
  "current_sat": [
    164,
    108,
    108,
    125,
    118,
    138,
    113,
    121,
    171,
    167,
    129,
    129,
    129,
    100,
    154,
    106,
    109,
    109,
    148,
    137,
    137,
    123,
    128,
    122,
    159,
    163,
    163,
    128,
    128,
    128,
    128,
    122,
    159,
    112,
    104,
    153,
    153,
    151,
    120,
    144,
    153,
    153,
    153,
    151,
    151,
    151,
    167,
    171,
    100,
    154,
    106,
    152,
    143,
    134,
    141,
    137,
    137,
    123,
    128,
    128,
    128,
    122,
    159,
    160,
    102,
    146
  ],
  "total_distance": [
    3745.7331083140143,
    7386.809500991617,
    7386.809500991617,
    10299.06465760855,
    13175.449459108037,
    16205.236114040661,
    19846.92793595676,
    23723.091559568024,
    27369.025755897565,
    30996.260445066393,
    33798.73542219616,
    33798.73542219616,
    33798.73542219616,
    37432.27486913669,
    41287.44195004247,
    45099.0011705418,
    48734.75225026891,
    48734.75225026891,
    50693.413874052414,
    53746.56212279605,
    53746.56212279605,
    56647.94969903128,
    59609.03209400961,
    63236.45907954641,
    66996.40324977999,
    70626.49658924881,
    70626.49658924881,
    73444.52490993385,
    73444.52490993385,
    73444.52490993385,
    73444.52490993385,
    77071.95189547066,
    80831.89606570423,
    84651.89582854173,
    88283.84151586132,
    91179.09368254479,
    91179.09368254479,
    93877.01688533458,
    97511.21305660027,
    101221.53639963825,
    104851.03872444463,
    104851.03872444463,
    104851.03872444463,
    107548.96192723443,
    107548.96192723443,
    107548.96192723443,
    110395.96046974573,
    114023.19515891456,
    117765.6034014422,
    121620.77048234799,
    125432.32970284732,
    129075.07849819397,
    132133.65532009857,
    135919.0960687765,
    139559.92762515155,
    143199.20719523114,
    143199.20719523114,
    146100.59477146636,
    149061.6771664447,
    149061.6771664447,
    149061.6771664447,
    152689.10415198148,
    156449.04832221507,
    160089.57102070202,
    163979.45526220326,
    166343.44235896147
  ]
}