{
  "current_time": [
    10,
    20,
    30,
    40,
    50,
    60,
    70,
    80,
    90,
    100,
    110,
    120,
    130,
    140,
    150,
    160,
    170,
    180,
    190,
    200,
    210,
    220,
    230,
    240,
    250,
    260,
    270,
    280,
    290,
    300,
    310,
    320,
    330,
    340,
    350,
    360,
    370,
    380,
    390,
    400,
    410,
    420,
    430,
    440,
    450,
    460,
    470,
    480,
    490,
    500,
    510,
    520,
    530,
    540,
    550,
    560,
    570,
    580,
    590,
    600,
    610,
    620,
    630,
    640,
    650,
    660,
    670,
    680,
    690,
    700,
    710,
    720,
    730,
    740,
    750,
    760,
    770,
    780,
    790,
    800,
    810,
    820,
    830,
    840,
    850,
    860,
    870,
    880,
    890,
    900,
    910,
    920,
    930,
    940,
    950,
    960,
    970,
    980,
    990,
    1000,
    1010,
    1020,
    1030,
    1040,
    1050,
    1060,
    1070,
    1080,
    1090,
    1100,
    1110,
    1120,
    1130,
    1140,
    1150,
    1160,
    1170,
    1180,
    1190,
    1200,
    1210,
    1220,
    1230,
    1240,
    1250,
    1260,
    1270,
    1280,
    1290,
    1300,
    1310,
    1320,
    1330,
    1340,
    1350,
    1360,
    1370,
    1380,
    1390,
    1400,
    1410,
    1420,
    1430,
    1440,
    1450,
    1460,
    1470,
    1480,
    1490
  ],
  "reward": [
    0.0,
    0.9746351282887837,
    0.9746351282887837,
    1.0,
    1.0,
    0.3482989421744589,
    0.23144625329275859,
    0.0,
    0.0,
    1.0,
    1.0,
    0.0,
    0.0,
    1.0,
    1.0,
    1.0,
    0.9989906767977176,
    0.0,
    0.21794696694713267,
    0.0,
    0.0,
    0.0,
    0.3709040703251941,
    1.0,
    1.0,
    0.2674572837231065,
    0.0,
    0.0,
    0.0,
    0.31073602105469333,
    0.0,
    1.0,
    0.42777497280004084,
    0.0,
    0.0,
    0.3564794138374944,
    1.0,
    1.0,
    0.40901471733796324,
    1.0,
    0.35505431128352527,
    0.0,
    0.0,
    0.606350756714199,
    1.0,
    0.9989906767977176,
    0.0,
    0.21794696694713267,
    0.0,
    0.0,
    0.0,
    0.3709040703251941,
    1.0,
    1.0,
    0.2674572837231065,
    0.0,
    0.6250396795415298,
    0.0,
    0.5335501417104628,
    1.0,
    0.6250396795415298,
    0.0,
    0.0,
    0.3564794138374944,
    1.0,
    1.0,
    0.40901471733796324,
    1.0,
    0.35505431128352527,
    0.0,
    0.606350756714199,
    1.0,
    0.35505431128352527,
    0.0,
    0.606350756714199,
    1.0,
    0.35505431128352527,
    0.0,
    0.0,
    0.606350756714199,
    1.0,
    1.0,
    0.0,
    0.0,
    1.0,
    0.0,
    0.0,
    1.0,
    1.0,
    0.0,
    0.0,
    1.0,
    0.60214078282164,
    0.7172705970705413,
    0.0,
    0.0,
    0.0,
    0.0,
    0.0,
    0.0,
    0.0,
    0.3709040703251941,
    0.5335501417104628,
    0.0,
    0.0,
    0.3709040703251941,
    1.0,
    1.0,
    0.2674572837231065,
    0.0,
    0.0,
    0.0,
    0.9390070465521734,
    0.3187294828085726,
    0.0,
    0.0,
    0.9390070465521734,
    0.3187294828085726,
    0.6352708426449842,
    0.4075299498562551,
    0.42777497280004084,
    0.0,
    0.0,
    0.3564794138374944,
    1.0,
    1.0,
    0.40901471733796324,
    0.0,
    1.0,
    1.0,
    0.0,
    0.4555833991346705,
    0.0,
    0.40704860188508507,
    1.0,
    1.0,
    1.0,
    1.0,
    0.0,
    0.0,
    1.0,
    1.0,
    0.0,
    0.0,
    1.0,
    0.60214078282164,
    1.0,
    0.9769631004120066,
    0.018005129201180883
  ],
  "current_sat": [
    102,
    111,
    111,
    142,
    138,
    113,
    120,
    144,
    153,
    151,
    120,
    144,
    153,
    151,
    151,
    120,
    113,
    146,
    149,
    112,
    159,
    122,
    180,
    141,
    140,
    148,
    137,
    137,
    123,
    180,
    122,
    119,
    168,
    180,
    122,
    159,
    112,
    149,
    144,
    120,
    151,
    153,
    153,
    144,
    120,
    113,
    146,
    149,
    112,
    159,
    122,
    180,
    141,
    140,
    148,
    137,
    141,
    180,
    123,
    137,
    141,
    180,
    122,
    159,
    112,
    149,
    144,
    120,
    151,
    153,
    144,
    120,
    151,
    153,
    144,
    120,
    151,
    153,
    153,
    144,
    120,
    171,
    167,
    151,
    120,
    144,
    153,
    151,
    120,
    144,
    153,
    151,
    167,
    129,
    166,
    109,
    148,
    137,
    123,
    128,
    122,
    180,
    123,
    128,
    122,
    180,
    141,
    140,
    148,
    137,
    123,
    128,
    163,
    159,
    122,
    128,
    163,
    159,
    160,
    119,
    168,
    180,
    122,
    159,
    112,
    149,
    144,
    153,
    151,
    120,
    144,
    149,
    112,
    104,
    153,
    153,
    151,
    120,
    144,
    153,
    151,
    120,
    144,
    153,
    151,
    167,
    171,
    121,
    133
  ],