{
  "current_time": [
    10,
    20,
    30,
    40,
    50,
    60
  ],
  "reward": [
    0.24068272953529957,
    0.6282342496150832,
    1.0,
    1.0,
    0.8264857742301941,
    0.48610997233341763
  ],
  "current_sat": [
    128,
    163,
    159,
    112,
    149,
    146
  ],
  "total_distance": [
    3627.280183786964,
    6422.622335471293,
    10052.562062139968,
    13861.958410392243,
    16916.88761936831,
    20561.1719530469
  ]
}