{
  "current_time": [
    10,
    20
  ],
  "reward": [
    1.0,
    0.5369312650915163
  ],
  "current_sat": [
    147,
    152
  ],
  "total_distance": [
    2816.7432536050296,
    6459.459025868092
  ]
}