{
  "current_time": [
    10,
    20,
    30,
    40,
    50,
    60,
    70,
    80,
    90,
    100,
    110,
    120,
    130,
    140,
    150,
    160,
    170,
    180,
    190,
    200,
    210,
    220,
    230,
    240,
    250,
    260,
    270,
    280,
    290,
    300,
    310,
    320,
    330,
    340,
    350,
    360,
    370,
    380,
    390,
    400,
    410,
    420,
    430,
    440,
    450,
    460,
    470,
    480,
    490,
    500,
    510,
    520,
    530,
    540,
    550,
    560,
    570,
    580,
    590,
    600,
    610,
    620,
    630,
    640,
    650,
    660,
    670,
    680,
    690,
    700,
    710,
    720,
    730,
    740,
    750,
    760,
    770,
    780,
    790,
    800,
    810,
    820,
    830,
    840,
    850,
    860,
    870,
    880,
    890,
    900,
    910,
    920,
    930,
    940,
    950,
    960,
    970,
    980,
    990,
    1000,
    1010,
    1020,
    1030,
    1040,
    1050,
    1060,
    1070,
    1080,
    1090,
    1100,
    1110,
    1120,
    1130,
    1140,
    1150,
    1160,
    1170,
    1180,
    1190,
    1200,
    1210,
    1220,
    1230,
    1240,
    1250,
    1260,
    1270,
    1280,
    1290,
    1300,
    1310,
    1320,
    1330,
    1340,
    1350,
    1360,
    1370,
    1380,
    1390,
    1400,
    1410,
    1420,
    1430,
    1440,
    1450,
    1460,
    1470,
    1480,
    1490,
    1500,
    1510,
    1520,
    1530,
    1540
  ],
  "reward": [
    0.49022532001054486,
    0.0,
    0.0188999324718796,
    0.0,
    0.0,
    1.0,
    1.0,
    0.7010585413845627,
    0.0,
    0.15064312062773366,
    1.0,
    0.7010585413845627,
    0.7222788832826992,
    1.0,
    0.257415352391989,
    0.0,
    0.0,
    1.0,
    1.0,
    1.0,
    1.0,
    0.24461813391678655,
    0.0,
    0.29743108653670025,
    1.0,
    1.0,
    1.0,
    0.0,
    0.0,
    0.00041741386109561684,
    0.0,
    0.0,
    0.999289542461528,
    1.0,
    1.0,
    1.0,
    0.0,
    0.0,
    0.00041741386109561684,
    1.0,
    1.0,
    1.0,
    0.0,
    0.00041741386109561684,
    0.0,
    0.0,
    0.2819236665379272,
    0.8406813378991038,
    1.0,
    1.0,
    1.0,
    1.0,
    0.24461813391678655,
    0.9498997084643221,
    0.0,
    0.3129283663137813,
    0.24068272953529957,
    0.6282342496150832,
    1.0,
    1.0,
    0.0,
    0.0,
    1.0,
    0.3129283663137813,
    0.24068272953529957,
    0.24068272953529957,
    -1,
    0.6282342496150832,
    1.0,
    0.3129283663137813,
    0.0,
    0.7222788832826992,
    1.0,
    0.9498997084643221,
    1.0,
    0.6484323318766338,
    0.6484323318766338,
    0.0,
    0.06978193130550925,
    0.0,
    0.49919643971294425,
    0.0,
    0.5728491401612379,
    0.8155922728975697,
    1.0,
    1.0,
    0.24461813391678655,
    0.9498997084643221,
    0.7389445232439664,
    0.06978193130550925,
    0.24461813391678655,
    0.0,
    0.29743108653670025,
    1.0,
    1.0,
    0.0,
    0.29743108653670025,
    1.0,
    1.0,
    0.0,
    0.29743108653670025,
    0.08824511512372801,
    1.0,
    1.0,
    1.0,
    0.0,
    0.29743108653670025,
    1.0,
    0.32799820278713143,
    0.951531688245747,
    0.951531688245747,
    0.0,
    0.0,
    0.5755840661102162,
    0.0,
    0.0,
    1.0,
    1.0,
    0.19969319123451457,
    0.8565388249535568,
    0.5728491401612379,
    0.0,
    0.0,
    1.0,
    1.0,
    1.0,
    0.0,
    0.29743108653670025,
    0.0,
    0.7068854712826622,
    0.7222788832826992,
    0.29743108653670025,
    1.0,
    1.0,
    1.0,
    0.24461813391678655,
    0.257415352391989,
    0.24068272953529957,
    0.24068272953529957,
    -1,
    0.6282342496150832,
    1.0,
    0.3129283663137813,
    0.0,
    0.7222788832826992,
    1.0,
    0.9498997084643221,
    0.7389445232439664,
    0.7389445232439664,
    1.0,
    1.0,
    0.05759927052137792,
    0.8264857742301941,
    0.025104333926350253
  ],
  "current_sat": [
    164,
    154,
    106,
    109,
    148,
    137,
    123,
    180,
    141,
    137,
    123,
    180,
    168,
    119,
    122,
    180,
    141,
    134,
    131,
    117,
    139,
    119,
    168,
    134,
    131,
    117,
    117,
    168,
    180,
    123,
    137,
    137,
    141,
    134,
    131,
    117,
    168,
    180,
    123,
    128,
    128,
    122,
    180,
    123,
    137,
    148,
    140,
    141,
    134,
    131,
    117,
    139,
    119,
    160,
    159,
    122,
    128,
    163,
    159,
    112,
    104,
    163,
    159,
    122,
    128,
    128,
    128,
    163,
    159,
    122,
    180,
    168,
    119,
    160,
    102,
    111,
    111,
    158,
    139,
    117,
    131,
    134,
    168,
    117,
    139,
    139,
    119,
    160,
    158,
    139,
    119,
    168,
    134,
    131,
    117,
    168,
    134,
    131,
    117,
    168,
    134,
    143,
    145,
    131,
    117,
    168,
    134,
    131,
    145,
    147,
    147,
    152,
    106,
    154,
    166,
    109,
    106,
    152,
    143,
    134,
    168,
    180,
    141,
    134,
    131,
    117,
    168,
    134,
    141,
    180,
    168,
    134,
    131,
    117,
    139,
    119,
    122,
    128,
    128,
    128,
    163,
    159,
    122,
    180,
    168,
    119,
    160,
    158,
    158,
    111,
    102,
    112,
    149,
    146
  ],