{
  "current_time": [
    10,
    20,
    30,
    40,
    50,
    60,
    70,
    80,
    90,
    100,
    110,
    120,
    130,
    140,
    150,
    160,
    170,
    180,
    190,
    200,
    210,
    220,
    230,
    240,
    250,
    260,
    270,
    280,
    290,
    300
  ],
  "reward": [
    1.0,
    1.0,
    0.6374039926252719,
    0.0,
    0.4261904571379529,
    0.8741776543856503,
    0.7250434377956867,
    0.0,
    0.4261904571379529,
    1.0,
    1.0,
    0.5768855901245122,
    0.0,
    0.1695728465757912,
    1.0,
    1.0,
    1.0,
    0.42943972826821597,
    0.42943972826821597,
    0.7806777452461129,
    0.0,
    0.0,
    0.0,
    0.0,
    0.0,
    1.0,
    0.6140515885047333,
    1.0,
    0.9554530586615337,
    0.13809825634964235
  ],
  "current_sat": [
    142,
    142,
    111,
    102,
    160,
    158,
    111,
    102,
    160,
    119,
    168,
    117,
    139,
    119,
    168,
    134,
    143,
    145,
    145,
    147,
    108,
    125,
    125,
    118,
    121,
    133,
    125,
    108,
    164,
    152
  ],
  "total_distance": [
    3643.965210377421,
    3643.965210377421,
    5185.08004311346,
    8813.488116629884,
    12694.825206178848,
    16339.399467301646,
    19321.276404150864,
    22949.684477667288,
    26831.021567216252,
    30603.97764911344,
    34435.5597723662,
    38083.794800279094,
    40972.183761872046,
    44612.974534131026,
    48444.556657383786,
    52173.342489581766,
    55947.51676566925,
    59588.54544481285,
    59588.54544481285,
    62181.32568296339,
    64975.35939102074,
    67909.43195899155,
    67909.43195899155,
    70808.33011376954,
    74450.57453816762,
    78249.79302119924,
    81887.71421915403,
    84821.78678712485,
    88462.84650212707,
    92218.87909147338
  ]
}