{
  "current_time": [
    10,
    20,
    30,
    40,
    50,
    60,
    70,
    80,
    90,
    100,
    110,
    120,
    130,
    140,
    150,
    160,
    170,
    180,
    190,
    200,
    210,
    220,
    230,
    240,
    250,
    260,
    270,
    280,
    290,
    300,
    310,
    320,
    330,
    340,
    350,
    360,
    370,
    380,
    390,
    400,
    410
  ],
  "reward": [
    0.0,
    0.0,
    0.0,
    0.5459274649075999,
    0.5459274649075999,
    0.0,
    0.5615144526251354,
    1.0,
    0.9601925585936357,
    1.0,
    1.0,
    1.0,
    0.27707269163926795,
    0.0,
    0.17812709996398757,
    0.14838678210391432,
    0.0,
    0.0,
    0.7663395567234301,
    1.0,
    0.14838678210391432,
    0.0,
    0.7663395567234301,
    0.7241495724491513,
    1.0,
    1.0,
    0.0,
    0.14838678210391432,
    0.7784151434470745,
    0.07002125304776674,
    0.07002125304776674,
    -1,
    0.06481725616893419,
    0.06481725616893419,
    0.0,
    0.0,
    0.9710320603937739,
    1.0,
    1.0,
    1.0,
    0.026256672074407548
  ],
  "current_sat": [
    145,
    131,
    117,
    139,
    139,
    119,
    168,
    134,
    131,
    145,
    147,
    147,
    152,
    106,
    140,
    148,
    116,
    116,
    137,
    140,
    148,
    116,
    137,
    141,
    134,
    143,
    140,
    148,
    109,
    166,
    166,
    166,
    129,
    129,
    167,
    167,
    171,
    100,
    133,
    125,
    108
  ],
  "total_distance": [
    2388.520382347984,
    5117.412760746447,
    7776.555394253014,
    10598.055505173017,
    10598.055505173017,
    14238.785332707663,
    18038.695005728045,
    21733.180894030582,
    25379.10035523911,
    28107.992733637573,
    30496.51311598556,
    30496.51311598556,
    34139.258741281075,
    37781.74176584804,
    40228.877168430525,
    43862.45219061464,
    46285.29961020262,
    46285.29961020262,
    49913.979244360264,
    53472.35023603808,
    57105.925258222196,
    59528.77267781018,
    63157.45231196782,
    66797.3363233398,
    70438.38624875096,
    74176.91545539488,
    77818.04184428534,
    81451.61686646946,
    83013.24671256104,
    85824.48409518434,
    85824.48409518434,
    85824.48409518434,
    88676.0386794345,
    88676.0386794345,
    91386.75344828675,
    91386.75344828675,
    95013.38119427033,
    98713.00469369002,
    102359.31300698403,
    105997.25985610265,
    108996.23812847896
  ]
}