{
  "current_time": [
    10,
    20,
    30,
    40,
    50,
    60,
    70,
    80,
    90,
    100,
    110,
    120,
    130,
    140,
    150,
    160,
    170
  ],
  "reward": [
    0.3784339159534995,
    0.3407499007533976,
    0.0,
    0.6391444459565234,
    1.0,
    0.3407499007533976,
    0.3407499007533976,
    0.6077422930008404,
    0.6077422930008404,
    -1,
    1.0,
    0.9823974703980722,
    0.46023208195119947,
    0.46023208195119947,
    1.0,
    1.0,
    0.15141772288037492
  ],
  "current_sat": [
    100,
    129,
    167,
    171,
    100,
    129,
    129,
    166,
    166,
    166,
    154,
    164,
    108,
    108,
    147,
    147,
    152
  ],
  "total_distance": [
    3646.5962117136355,
    7280.135658654162,
    10082.610635783927,
    13709.845324952757,
    17452.253567480395,
    21085.79301442092,
    21085.79301442092,
    24025.090123821425,
    24025.090123821425,
    24025.090123821425,
    27654.019653774278,
    31295.36782797468,
    34936.44422065228,
    34936.44422065228,
    37707.68383137432,
    37707.68383137432,
    41350.36670429539
  ]
}