{
  "current_time": [
    10,
    20,
    30,
    40,
    50,
    60
  ],
  "reward": [
    0.6176216595257114,
    1.0,
    1.0,
    -1,
    1.0,
    0.4829632578883859
  ],
  "current_sat": [
    125,
    108,
    108,
    108,
    147,
    152
  ],
  "total_distance": [
    3637.9107543893406,
    6550.165911006273,
    6550.165911006273,
    6550.165911006273,
    9321.405521728311,
    12964.088394649383
  ]
}