{
  "current_time": [
    10,
    20,
    30,
    40,
    50,
    60,
    70,
    80,
    90,
    100,
    110,
    120,
    130,
    140,
    150,
    160,
    170,
    180,
    190,
    200,
    210,
    220,
    230,
    240,
    250,
    260,
    270,
    280,
    290,
    300,
    310,
    320,
    330,
    340,
    350,
    360,
    370,
    380,
    390,
    400,
    410,
    420,
    430,
    440,
    450,
    460,
    470,
    480,
    490,
    500,
    510,
    520,
    530,
    540
  ],
  "reward": [
    0.44285038319500236,
    0.5793723115446197,
    0.5793723115446197,
    -1,
    0.4981835574267194,
    0.0,
    0.44285038319500236,
    0.5793723115446197,
    0.5793723115446197,
    0.4981835574267194,
    0.4981835574267194,
    0.0,
    0.44397875523468644,
    0.606797687160274,
    0.0,
    1.0,
    0.9740553262950915,
    0.0,
    0.0,
    1.0,
    0.9740553262950915,
    0.9740553262950915,
    1.0,
    1.0,
    1.0,
    0.5036210072529042,
    0.0,
    0.3565294451233829,
    1.0,
    0.6670847597406955,
    1.0,
    1.0,
    0.13076749460182413,
    0.0,
    0.0,
    0.0,
    0.17279711248826202,
    0.17279711248826202,
    -1,
    0.0,
    0.0,
    0.0,
    0.44285038319500236,
    0.6541501372594338,
    0.8933442783171153,
    0.7557457807163461,
    1.0,
    1.0,
    1.0,
    1.0,
    1.0,
    1.0,
    1.0,
    0.12523777536261904
  ],
  "current_sat": [
    164,
    108,
    108,
    108,
    125,
    133,
    164,
    108,
    108,
    125,
    125,
    133,
    121,
    171,
    100,
    129,
    167,
    171,
    100,
    129,
    167,
    167,
    151,
    151,
    153,
    144,
    120,
    113,
    146,
    149,
    112,
    159,
    163,
    104,
    153,
    151,
    167,
    167,
    167,
    171,
    100,
    133,
    164,
    154,
    106,
    109,
    148,
    148,
    137,
    137,
    123,
    128,
    128,
    122
  ],
  "total_distance": [
    3839.179684173878,
    7480.25607685148,
    7480.25607685148,
    7480.25607685148,
    10392.511233468413,
    14030.421987857753,
    17869.601672031633,
    21510.678064709235,
    21510.678064709235,
    24422.933221326166,
    24422.933221326166,
    28060.843975715507,
    31851.196900677434,
    35497.131097006975,
    39239.53933953461,
    42873.07878647514,
    45675.553763604905,
    49302.78845277373,
    53045.19669530137,
    56678.7361422419,
    59481.21111937166,
    59481.21111937166,
    62328.20966188296,
    62328.20966188296,
    65026.132864672756,
    68655.63518947914,
    72365.95853251712,
    76009.56663917667,
    79594.24049538298,
    83238.49095680537,
    86219.6339124657,
    90039.6336753032,
    93669.72701477201,
    96541.94026884998,
    99437.19243553345,
    102135.11563832324,
    104982.11418083454,
    104982.11418083454,
    104982.11418083454,
    108609.34887000338,
    112351.75711253102,
    115998.35332424466,
    119837.53300841854,
    123478.88118261893,
    127290.44040311826,
    130926.19148284537,
    132884.85310662887,
    132884.85310662887,
    135938.00135537251,
    135938.00135537251,
    138839.38893160774,
    141800.47132658606,
    141800.47132658606,
    145427.89831212285
  ]
}