{
  "current_time": [
    10,
    20,
    30,
    40,
    50,
    60,
    70,
    80,
    90,
    100,
    110,
    120,
    130,
    140,
    150,
    160,
    170,
    180,
    190,
    200,
    210,
    220,
    230,
    240,
    250,
    260,
    270,
    280,
    290,
    300,
    310,
    320,
    330,
    340,
    350,
    360,
    370
  ],
  "reward": [
    0.0,
    0.0,
    0.0,
    0.03642439439608658,
    0.27874471126320066,
    0.677937330355844,
    1.0,
    0.08215595510310902,
    0.0,
    0.4533984598842935,
    1.0,
    1.0,
    0.7249080601089775,
    1.0,
    0.0,
    0.0,
    0.0,
    0.5001688444104951,
    0.0,
    0.0,
    1.0,
    0.6277154125072233,
    1.0,
    0.3114466562288316,
    0.7679203392174068,
    0.7679203392174068,
    -1,
    -1,
    1.0,
    1.0,
    -1,
    0.25324220128049013,
    0.25324220128049013,
    -1,
    1.0,
    1.0,
    0.10309844629359097
  ],
  "current_sat": [
    164,
    154,
    106,
    140,
    137,
    141,
    134,
    143,
    140,
    106,
    152,
    147,
    145,
    131,
    134,
    141,
    137,
    116,
    148,
    109,
    166,
    154,
    100,
    129,
    167,
    167,
    167,
    167,
    151,
    151,
    151,
    153,
    153,
    153,
    144,
    149,
    146
  ],
  "total_distance": [
    3641.0002166001527,
    7281.860382296321,
    11055.823467176668,
    13502.958869759152,
    17061.32986143697,
    20701.21387280895,
    24342.263798220116,
    28080.79300486403,
    31721.919393754488,
    34169.054796336975,
    37811.53782090394,
    41454.28344619946,
    43842.80382854744,
    46571.696206945904,
    50217.61566815443,
    53858.665593565594,
    57498.54960493757,
    61127.22923909521,
    63550.076658683196,
    65111.70650477479,
    67922.94388739808,
    71551.29253097899,
    75366.87095445034,
    78999.81931819537,
    81710.53408704762,
    81710.53408704762,
    81710.53408704762,
    81710.53408704762,
    84468.96531942578,
    84468.96531942578,
    84468.96531942578,
    87074.564069516,
    87074.564069516,
    87074.564069516,
    90703.46636451701,
    94341.94223770517,
    97986.0403102306
  ]
}