{
  "current_time": [
    10,
    20,
    30,
    40,
    50,
    60,
    70,
    80,
    90,
    100,
    110,
    120,
    130,
    140,
    150,
    160,
    170,
    180,
    190,
    200,
    210,
    220,
    230,
    240,
    250,
    260,
    270,
    280
  ],
  "reward": [
    0.37580341342819035,
    0.9742612502796334,
    0.9842376147602604,
    0.020861168367817262,
    0.6211651416919292,
    0.0,
    0.0,
    0.0,
    0.0,
    0.0,
    1.0,
    0.23647247554883433,
    0.0,
    0.0,
    0.18477457003863884,
    1.0,
    0.8984626980824627,
    1.0,
    1.0,
    -1,
    1.0,
    0.0,
    1.0,
    0.6211651416919292,
    0.6211651416919292,
    1.0,
    0.9623646895376219,
    0.07355514950170433
  ],
  "current_sat": [
    100,
    154,
    164,
    133,
    125,
    118,
    118,
    121,
    113,
    120,
    171,
    167,
    151,
    153,
    144,
    120,
    113,
    138,
    138,
    138,
    118,
    121,
    133,
    125,
    125,
    108,
    164,
    152
  ],
  "total_distance": [
    3646.663717124959,
    7510.9192947491665,
    11152.38558801054,
    14981.834855145567,
    18619.734266466272,
    21473.4951864375,
    21473.4951864375,
    25115.796907427768,
    28983.666917260653,
    32627.352422305587,
    36463.61635791904,
    40091.004274420986,
    42960.03106967032,
    45680.92900484736,
    49310.583394014175,
    53032.26845319131,
    56675.95395823624,
    60317.6342300444,
    60317.6342300444,
    60317.6342300444,
    63325.582655562306,
    66967.88437655257,
    70749.03693717596,
    74386.93634849666,
    74386.93634849666,
    77277.29542458685,
    80918.38694973139,
    84653.49427498088
  ]
}