{
  "current_time": [
    10,
    20,
    30,
    40,
    50,
    60,
    70,
    80,
    90,
    100,
    110,
    120,
    130,
    140,
    150,
    160,
    170,
    180,
    190,
    200,
    210,
    220,
    230,
    240,
    250,
    260,
    270,
    280,
    290,
    300,
    310,
    320,
    330,
    340,
    350,
    360,
    370,
    380,
    390,
    400,
    410
  ],
  "reward": [
    0.6609734339085094,
    0.6609734339085094,
    0.0,
    0.503521817944604,
    0.503521817944604,
    1.0,
    1.0,
    1.0,
    0.44355777283037034,
    0.0,
    0.0,
    0.0,
    1.0,
    1.0,
    -1,
    -1,
    1.0,
    1.0,
    0.0,
    0.8918783399321115,
    1.0,
    0.505311830916079,
    0.505311830916079,
    1.0,
    1.0,
    -1,
    0.7835484315199809,
    0.40652718853956193,
    0.0,
    0.5359027397317837,
    1.0,
    0.40652718853956193,
    1.0,
    0.9480152404627954,
    0.11366526472838945,
    0.11366526472838945,
    -1,
    -1,
    -1,
    1.0,
    0.14164130371120826
  ],
  "current_sat": [
    147,
    147,
    108,
    125,
    125,
    118,
    138,
    138,
    113,
    121,
    133,
    100,
    129,
    129,
    129,
    129,
    166,
    166,
    154,
    106,
    140,
    148,
    148,
    137,
    137,
    137,
    141,
    134,
    143,
    140,
    141,
    134,
    168,
    180,
    123,
    123,
    123,
    123,
    123,
    128,
    122
  ],
  "total_distance": [
    3642.6653536687113,
    3642.6653536687113,
    6391.0340926127665,
    9281.393168702947,
    9281.393168702947,
    12135.154088674175,
    15143.102514192082,
    15143.102514192082,
    18784.782786000244,
    22652.652795833128,
    26433.805356456516,
    30080.469073581477,
    33714.15480128472,
    33714.15480128472,
    33714.15480128472,
    33714.15480128472,
    36675.18613156084,
    36675.18613156084,
    40304.26203129583,
    44124.380321478275,
    46927.1310872336,
    50559.906217534546,
    50559.906217534546,
    53591.62854276587,
    53591.62854276587,
    53591.62854276587,
    57230.754815413595,
    60871.52717612189,
    64667.92259358444,
    68308.54537552371,
    72193.19454271339,
    75833.96690342168,
    79584.01160497709,
    83222.1562041199,
    86854.6976362167,
    86854.6976362167,
    86854.6976362167,
    86854.6976362167,
    86854.6976362167,
    89794.04553998816,
    93421.32572377512
  ]
}